created_at,entry_id,field1,field2
2017-04-05 00:36:49 UTC,1,4,0
2017-04-05 00:37:09 UTC,2,3,0
2017-04-05 00:40:38 UTC,3,3,0
2017-04-05 00:41:02 UTC,4,4,0
2017-04-05 00:42:32 UTC,5,3,0
2017-04-05 00:45:11 UTC,6,1,0
2017-04-05 00:50:20 UTC,7,3,0
2017-04-05 00:50:57 UTC,8,1,0
2017-04-05 00:54:37 UTC,9,2,0
2017-04-05 01:06:04 UTC,10,1,0
2017-04-05 01:15:47 UTC,11,0,0
2017-04-05 01:36:21 UTC,12,3,0
2017-04-05 01:47:43 UTC,13,0,0
2017-04-05 01:50:21 UTC,14,0,0
2017-04-05 01:51:36 UTC,15,2,0
2017-04-05 01:54:21 UTC,16,4,0
2017-04-05 01:55:15 UTC,17,2,0
2017-04-05 02:02:10 UTC,18,3,0
2017-04-05 02:41:41 UTC,19,0,0
2017-04-05 02:42:57 UTC,20,2,0
2017-04-05 02:46:25 UTC,21,4,0
2017-04-05 02:46:40 UTC,22,3,0
2017-04-05 02:56:42 UTC,23,1,0
2017-04-05 03:11:51 UTC,24,0,0
2017-04-05 03:12:06 UTC,25,2,0
2017-04-05 03:12:21 UTC,26,1,0
2017-04-05 03:12:36 UTC,27,3,0
2017-04-05 03:12:51 UTC,28,0,0
2017-04-05 03:13:06 UTC,29,1,0
2017-04-05 03:13:21 UTC,30,2,0
2017-04-05 03:13:36 UTC,31,4,0
2017-04-05 03:13:51 UTC,32,1,0
2017-04-05 03:14:07 UTC,33,3,0
2017-04-05 03:14:22 UTC,34,3,0
2017-04-05 04:55:36 UTC,35,0,0
2017-04-05 07:24:06 UTC,36,2,0
2017-04-05 08:36:19 UTC,37,2,0
2017-04-05 08:46:25 UTC,38,1,0
2017-04-05 10:41:10 UTC,39,0,0
2017-04-05 10:52:06 UTC,40,1,0
2017-04-05 11:25:29 UTC,41,2,0
2017-04-05 11:37:16 UTC,42,3,0
2017-04-05 11:45:28 UTC,43,4,0
2017-04-05 11:55:48 UTC,44,0,0
2017-04-05 12:34:35 UTC,45,3,0
2017-04-05 12:40:36 UTC,46,2,0
2017-04-05 12:54:40 UTC,47,0,0
2017-04-05 12:57:38 UTC,48,4,0
2017-04-05 12:59:24 UTC,49,2,0
2017-04-05 13:02:39 UTC,50,4,0
2017-04-05 13:09:07 UTC,51,2,0
2017-04-05 13:22:22 UTC,52,2,0
2017-04-05 13:28:42 UTC,53,0,0
2017-04-05 13:37:40 UTC,54,0,0
2017-04-05 13:38:12 UTC,55,4,0
2017-04-05 13:38:27 UTC,56,1,0
2017-04-05 13:39:15 UTC,57,1,0
2017-04-05 13:46:11 UTC,58,1,0
2017-04-05 13:46:30 UTC,59,0,0
2017-04-05 13:53:51 UTC,60,2,0
2017-04-05 14:04:11 UTC,61,2,0
2017-04-05 14:19:25 UTC,62,2,0
2017-04-05 14:32:17 UTC,63,3,0
2017-04-05 14:42:03 UTC,64,1,0
2017-04-05 14:45:11 UTC,65,4,0
2017-04-05 14:46:25 UTC,66,3,0
2017-04-05 14:47:48 UTC,67,1,0
2017-04-05 14:54:36 UTC,68,2,0
2017-04-05 15:01:37 UTC,69,2,0
2017-04-05 15:10:00 UTC,70,2,0
2017-04-05 15:26:10 UTC,71,3,0
2017-04-05 15:32:53 UTC,72,3,0
2017-04-05 15:35:06 UTC,73,1,0
2017-04-05 15:35:41 UTC,74,4,0
2017-04-05 15:38:27 UTC,75,0,0
2017-04-05 15:46:24 UTC,76,2,0
2017-04-05 15:47:44 UTC,77,0,0
2017-04-05 15:48:13 UTC,78,2,0
2017-04-05 15:48:29 UTC,79,1,0
2017-04-05 15:48:59 UTC,80,2,0
2017-04-05 15:50:15 UTC,81,2,0
2017-04-05 15:56:33 UTC,82,0,0
2017-04-05 15:56:51 UTC,83,4,0
2017-04-05 15:59:52 UTC,84,3,0
2017-04-05 16:00:11 UTC,85,4,0
2017-04-05 16:00:41 UTC,86,4,0
2017-04-05 16:01:21 UTC,87,2,0
2017-04-05 16:01:37 UTC,88,1,0
2017-04-05 16:04:38 UTC,89,0,0
2017-04-05 16:05:10 UTC,90,3,0
2017-04-05 16:05:26 UTC,91,3,0
2017-04-05 16:07:55 UTC,92,2,0
2017-04-05 16:08:10 UTC,93,2,0
2017-04-05 16:10:44 UTC,94,2,0
2017-04-05 16:15:34 UTC,95,4,0
2017-04-05 16:20:23 UTC,96,1,0
2017-04-05 16:26:23 UTC,97,3,0
2017-04-05 16:28:02 UTC,98,2,0
2017-04-05 16:30:07 UTC,99,3,0
2017-04-05 16:35:56 UTC,100,2,0
2017-04-05 16:36:26 UTC,101,2,0
2017-04-05 16:41:49 UTC,102,0,0
2017-04-05 16:42:12 UTC,103,1,0
2017-04-05 16:44:08 UTC,104,2,0
2017-04-05 16:47:43 UTC,105,3,0
2017-04-05 16:49:48 UTC,106,0,0
2017-04-05 16:51:30 UTC,107,4,0
2017-04-05 16:56:48 UTC,108,3,0
2017-04-05 17:04:07 UTC,109,3,0
2017-04-05 17:04:50 UTC,110,4,0
2017-04-05 17:05:08 UTC,111,3,0
2017-04-05 17:06:57 UTC,112,1,0
2017-04-05 17:09:16 UTC,113,1,0
2017-04-05 17:10:41 UTC,114,2,0
2017-04-05 17:22:52 UTC,115,2,0
2017-04-05 17:32:59 UTC,116,4,0
2017-04-05 17:34:02 UTC,117,2,0
2017-04-05 17:35:12 UTC,118,4,0
2017-04-05 17:39:59 UTC,119,2,0
2017-04-05 17:41:44 UTC,120,1,0
2017-04-05 17:42:29 UTC,121,4,0
2017-04-05 17:43:38 UTC,122,3,0
2017-04-05 17:44:55 UTC,123,2,0
2017-04-05 17:48:04 UTC,124,1,0
2017-04-05 17:56:57 UTC,125,0,0
2017-04-05 18:03:28 UTC,126,0,0
2017-04-05 18:07:14 UTC,127,4,0
2017-04-05 18:13:12 UTC,128,1,0
2017-04-05 18:16:03 UTC,129,3,0
2017-04-05 18:18:20 UTC,130,3,0
2017-04-05 18:19:27 UTC,131,4,0
2017-04-05 18:25:28 UTC,132,2,0
2017-04-05 18:25:48 UTC,133,1,0
2017-04-05 18:29:13 UTC,134,1,0
2017-04-05 18:30:33 UTC,135,0,0
2017-04-05 18:38:33 UTC,136,4,0
2017-04-05 18:42:34 UTC,137,0,0
2017-04-05 18:43:39 UTC,138,2,0
2017-04-05 18:55:33 UTC,139,0,0
2017-04-05 19:10:06 UTC,140,4,0
2017-04-05 19:14:53 UTC,141,1,0
2017-04-05 19:20:33 UTC,142,0,0
2017-04-05 19:26:18 UTC,143,1,0
2017-04-05 19:29:54 UTC,144,4,0
2017-04-05 19:37:57 UTC,145,0,0
2017-04-05 19:44:38 UTC,146,2,0
2017-04-05 19:50:37 UTC,147,3,0
2017-04-05 19:58:45 UTC,148,4,0
2017-04-05 20:00:44 UTC,149,3,0
2017-04-05 20:00:59 UTC,150,4,0
2017-04-05 20:01:18 UTC,151,3,0
2017-04-05 20:08:25 UTC,152,2,0
2017-04-05 20:12:37 UTC,153,2,0
2017-04-05 20:13:18 UTC,154,3,0
2017-04-05 20:15:24 UTC,155,3,0
2017-04-05 20:17:55 UTC,156,2,0
2017-04-05 20:18:35 UTC,157,1,0
2017-04-05 20:22:38 UTC,158,2,0
2017-04-05 20:22:54 UTC,159,0,0
2017-04-05 20:23:28 UTC,160,4,0
2017-04-05 20:23:46 UTC,161,3,0
2017-04-05 20:24:25 UTC,162,2,0
2017-04-05 20:26:23 UTC,163,2,0
2017-04-05 20:32:34 UTC,164,0,0
2017-04-05 20:33:19 UTC,165,0,0
2017-04-05 20:34:03 UTC,166,4,0
2017-04-05 20:36:26 UTC,167,0,0
2017-04-05 20:36:42 UTC,168,0,0
2017-04-05 20:38:06 UTC,169,3,0
2017-04-05 20:41:05 UTC,170,2,0
2017-04-05 20:42:00 UTC,171,0,0
2017-04-05 20:43:09 UTC,172,3,0
2017-04-05 20:46:52 UTC,173,2,0
2017-04-05 20:54:49 UTC,174,2,0
2017-04-05 20:59:44 UTC,175,4,0
2017-04-05 21:06:56 UTC,176,3,0
2017-04-05 21:07:33 UTC,177,3,0
2017-04-05 21:07:51 UTC,178,3,0
2017-04-05 21:08:22 UTC,179,4,0
2017-04-05 21:12:34 UTC,180,0,0
2017-04-05 21:15:18 UTC,181,2,0
2017-04-05 21:20:05 UTC,182,1,0
2017-04-05 21:20:37 UTC,183,4,0
2017-04-05 21:39:18 UTC,184,1,0
2017-04-05 21:42:42 UTC,185,0,0
2017-04-05 21:55:15 UTC,186,0,0
2017-04-05 21:56:46 UTC,187,0,0
2017-04-05 21:57:28 UTC,188,0,0
2017-04-05 21:58:55 UTC,189,0,0
2017-04-05 22:09:37 UTC,190,0,0
2017-04-05 22:10:27 UTC,191,2,0
2017-04-05 22:12:00 UTC,192,4,0
2017-04-05 22:20:18 UTC,193,0,0
2017-04-05 22:20:34 UTC,194,0,0
2017-04-05 22:20:53 UTC,195,0,0
2017-04-05 22:23:12 UTC,196,4,0
2017-04-05 22:32:23 UTC,197,4,0
2017-04-05 22:36:31 UTC,198,1,0
2017-04-05 22:37:09 UTC,199,4,0
2017-04-05 22:38:10 UTC,200,4,0
2017-04-05 22:40:26 UTC,201,0,0
2017-04-05 22:50:36 UTC,202,4,0
2017-04-05 22:51:21 UTC,203,2,0
2017-04-05 23:14:20 UTC,204,2,0
2017-04-05 23:17:21 UTC,205,3,0
2017-04-05 23:17:36 UTC,206,2,0
2017-04-05 23:25:49 UTC,207,3,0
2017-04-05 23:32:56 UTC,208,2,0
2017-04-05 23:33:54 UTC,209,2,0
2017-04-05 23:34:34 UTC,210,2,0
2017-04-05 23:36:33 UTC,211,2,0
2017-04-05 23:37:58 UTC,212,3,0
2017-04-05 23:38:51 UTC,213,2,0
2017-04-05 23:39:06 UTC,214,4,0
2017-04-05 23:39:29 UTC,215,4,0
2017-04-05 23:41:03 UTC,216,0,0
2017-04-05 23:41:18 UTC,217,0,0
2017-04-05 23:41:40 UTC,218,2,0
2017-04-05 23:45:23 UTC,219,0,0
2017-04-05 23:45:53 UTC,220,4,0
2017-04-05 23:49:49 UTC,221,4,0
2017-04-06 00:00:10 UTC,222,3,0
2017-04-06 00:05:10 UTC,223,0,0
2017-04-06 00:09:13 UTC,224,1,0
2017-04-06 00:10:07 UTC,225,2,0
2017-04-06 00:10:29 UTC,226,0,0
2017-04-06 00:11:58 UTC,227,0,0
2017-04-06 00:14:59 UTC,228,2,0
2017-04-06 00:18:42 UTC,229,2,0
2017-04-06 00:21:03 UTC,230,4,0
2017-04-06 00:22:06 UTC,231,2,0
2017-04-06 00:24:20 UTC,232,2,0
2017-04-06 00:27:29 UTC,233,2,0
2017-04-06 00:29:48 UTC,234,3,0
2017-04-06 00:30:48 UTC,235,2,0
2017-04-06 00:31:59 UTC,236,4,0
2017-04-06 00:35:28 UTC,237,0,0
2017-04-06 00:36:03 UTC,238,4,0
2017-04-06 00:36:45 UTC,239,0,0
2017-04-06 00:42:57 UTC,240,2,0
2017-04-06 00:43:23 UTC,241,3,0
2017-04-06 00:43:58 UTC,242,0,0
2017-04-06 00:46:15 UTC,243,0,0
2017-04-06 00:59:55 UTC,244,4,0
2017-04-06 01:00:12 UTC,245,3,0
2017-04-06 01:05:58 UTC,246,3,0
2017-04-06 01:09:13 UTC,247,3,0
2017-04-06 01:10:07 UTC,248,1,0
2017-04-06 01:12:16 UTC,249,1,0
2017-04-06 01:12:52 UTC,250,1,0
2017-04-06 01:13:08 UTC,251,2,0
2017-04-06 01:15:41 UTC,252,2,0
2017-04-06 01:16:03 UTC,253,0,0
2017-04-06 01:20:42 UTC,254,2,0
2017-04-06 01:37:28 UTC,255,1,0
2017-04-06 01:37:44 UTC,256,3,0
2017-04-06 01:46:49 UTC,257,4,0
2017-04-06 01:49:10 UTC,258,3,0
2017-04-06 02:00:00 UTC,259,2,0
2017-04-06 02:12:06 UTC,260,3,0
2017-04-06 02:20:41 UTC,261,2,0
2017-04-06 02:42:38 UTC,262,3,0
2017-04-06 03:07:52 UTC,263,2,0
2017-04-06 03:09:02 UTC,264,0,0
2017-04-06 03:56:02 UTC,265,2,0
2017-04-06 08:47:14 UTC,266,0,0
2017-04-06 09:13:56 UTC,267,0,0
2017-04-06 09:53:01 UTC,268,0,0
2017-04-06 10:01:58 UTC,269,3,0
2017-04-06 11:50:27 UTC,270,3,0
2017-04-06 11:50:52 UTC,271,4,0
2017-04-06 11:51:58 UTC,272,1,0
2017-04-06 12:06:55 UTC,273,1,0
2017-04-06 12:20:15 UTC,274,1,0
2017-04-06 12:20:31 UTC,275,0,0
2017-04-06 12:21:02 UTC,276,2,0
2017-04-06 12:45:40 UTC,277,1,0
2017-04-06 12:54:03 UTC,278,4,0
2017-04-06 13:00:15 UTC,279,2,0
2017-04-06 13:00:49 UTC,280,4,0
2017-04-06 13:02:09 UTC,281,3,0
2017-04-06 13:10:05 UTC,282,3,0
2017-04-06 13:10:58 UTC,283,0,0
2017-04-06 13:29:50 UTC,284,1,0
2017-04-06 13:31:27 UTC,285,1,0
2017-04-06 13:42:54 UTC,286,2,0
2017-04-06 13:45:00 UTC,287,4,0
2017-04-06 13:45:18 UTC,288,3,0
2017-04-06 13:46:14 UTC,289,2,0
2017-04-06 13:47:54 UTC,290,0,0
2017-04-06 13:48:25 UTC,291,2,0
2017-04-06 13:56:36 UTC,292,2,0
2017-04-06 14:01:17 UTC,293,1,0
2017-04-06 14:16:20 UTC,294,4,0
2017-04-06 14:17:12 UTC,295,1,0
2017-04-06 14:23:20 UTC,296,0,0
2017-04-06 14:27:40 UTC,297,0,0
2017-04-06 14:28:31 UTC,298,2,0
2017-04-06 14:28:50 UTC,299,1,0
2017-04-06 14:33:51 UTC,300,3,0
2017-04-06 14:34:30 UTC,301,1,0
2017-04-06 14:40:06 UTC,302,2,0
2017-04-06 14:40:53 UTC,303,4,0
2017-04-06 14:44:38 UTC,304,0,0
2017-04-06 14:46:22 UTC,305,3,0
2017-04-06 14:46:41 UTC,306,3,0
2017-04-06 14:48:44 UTC,307,0,0
2017-04-06 14:49:03 UTC,308,4,0
2017-04-06 14:50:55 UTC,309,3,0
2017-04-06 14:51:50 UTC,310,4,0
2017-04-06 14:52:44 UTC,311,4,0
2017-04-06 14:53:57 UTC,312,0,0
2017-04-06 14:56:01 UTC,313,4,0
2017-04-06 14:57:26 UTC,314,3,0
2017-04-06 15:00:23 UTC,315,4,0
2017-04-06 15:07:07 UTC,316,3,0
2017-04-06 15:12:30 UTC,317,1,0
2017-04-06 15:14:50 UTC,318,1,0
2017-04-06 15:17:57 UTC,319,1,0
2017-04-06 15:20:06 UTC,320,3,0
2017-04-06 15:25:22 UTC,321,2,0
2017-04-06 15:29:57 UTC,322,2,0
2017-04-06 15:30:18 UTC,323,0,0
2017-04-06 15:33:24 UTC,324,3,0
2017-04-06 15:40:35 UTC,325,4,0
2017-04-06 15:41:23 UTC,326,4,0
2017-04-06 15:41:44 UTC,327,2,0
2017-04-06 15:42:51 UTC,328,3,0
2017-04-06 15:53:33 UTC,329,2,0
2017-04-06 15:55:56 UTC,330,2,0
2017-04-06 16:00:23 UTC,331,4,0
2017-04-06 16:01:07 UTC,332,0,0
2017-04-06 16:01:43 UTC,333,2,0
2017-04-06 16:02:03 UTC,334,0,0
2017-04-06 16:05:22 UTC,335,3,0
2017-04-06 16:10:55 UTC,336,1,0
2017-04-06 16:12:50 UTC,337,2,0
2017-04-06 16:13:39 UTC,338,4,0
2017-04-06 16:25:21 UTC,339,2,0
2017-04-06 16:26:37 UTC,340,0,0
2017-04-06 16:26:53 UTC,341,1,0
2017-04-06 16:27:12 UTC,342,1,0
2017-04-06 16:27:33 UTC,343,0,0
2017-04-06 16:30:15 UTC,344,3,0
2017-04-06 16:32:30 UTC,345,3,0
2017-04-06 16:33:37 UTC,346,2,0
2017-04-06 16:34:40 UTC,347,4,0
2017-04-06 16:36:28 UTC,348,3,0
2017-04-06 16:36:43 UTC,349,3,0
2017-04-06 16:38:55 UTC,350,4,0
2017-04-06 16:39:45 UTC,351,2,0
2017-04-06 16:40:29 UTC,352,0,0
2017-04-06 16:46:48 UTC,353,0,0
2017-04-06 16:49:59 UTC,354,0,0
2017-04-06 16:51:29 UTC,355,4,0
2017-04-06 16:51:59 UTC,356,2,0
2017-04-06 16:53:50 UTC,357,0,0
2017-04-06 16:54:54 UTC,358,0,0
2017-04-06 16:55:32 UTC,359,2,0
2017-04-06 16:57:22 UTC,360,4,0
2017-04-06 16:57:41 UTC,361,3,0
2017-04-06 16:59:15 UTC,362,2,0
2017-04-06 17:01:16 UTC,363,1,0
2017-04-06 17:02:35 UTC,364,2,0
2017-04-06 17:03:23 UTC,365,0,0
2017-04-06 17:11:25 UTC,366,2,0
2017-04-06 17:16:35 UTC,367,0,0
2017-04-06 17:17:42 UTC,368,0,0
2017-04-06 17:21:25 UTC,369,0,0
2017-04-06 17:23:47 UTC,370,4,0
2017-04-06 17:24:14 UTC,371,0,0
2017-04-06 17:24:41 UTC,372,4,0
2017-04-06 17:25:23 UTC,373,2,0
2017-04-06 17:27:06 UTC,374,3,0
2017-04-06 17:28:08 UTC,375,1,0
2017-04-06 17:29:15 UTC,376,2,0
2017-04-06 17:30:03 UTC,377,4,0
2017-04-06 17:34:01 UTC,378,2,0
2017-04-06 17:36:03 UTC,379,0,0
2017-04-06 17:37:27 UTC,380,2,0
2017-04-06 17:39:09 UTC,381,0,0
2017-04-06 17:44:44 UTC,382,2,0
2017-04-06 17:46:14 UTC,383,4,0
2017-04-06 17:46:31 UTC,384,2,0
2017-04-06 17:59:26 UTC,385,0,0
2017-04-06 17:59:45 UTC,386,1,0
2017-04-06 18:00:29 UTC,387,4,0
2017-04-06 18:06:31 UTC,388,1,0
2017-04-06 18:07:25 UTC,389,0,0
2017-04-06 18:09:27 UTC,390,1,0
2017-04-06 18:10:02 UTC,391,0,0
2017-04-06 18:10:30 UTC,392,1,0
2017-04-06 18:10:46 UTC,393,0,0
2017-04-06 18:12:17 UTC,394,3,0
2017-04-06 18:17:26 UTC,395,4,0
2017-04-06 18:17:47 UTC,396,0,0
2017-04-06 18:22:13 UTC,397,2,0
2017-04-06 18:27:11 UTC,398,2,0
2017-04-06 18:27:45 UTC,399,3,0
2017-04-06 18:28:07 UTC,400,4,0
2017-04-06 18:29:00 UTC,401,4,0
2017-04-06 18:30:30 UTC,402,2,0
2017-04-06 18:33:51 UTC,403,2,0
2017-04-06 18:37:08 UTC,404,4,0
2017-04-06 18:44:19 UTC,405,3,0
2017-04-06 18:52:50 UTC,406,3,0
2017-04-06 18:53:31 UTC,407,2,0
2017-04-06 18:56:13 UTC,408,0,0
2017-04-06 18:58:18 UTC,409,1,0
2017-04-06 18:58:52 UTC,410,0,0
2017-04-06 18:59:10 UTC,411,4,0
2017-04-06 19:03:31 UTC,412,2,0
2017-04-06 19:10:39 UTC,413,4,0
2017-04-06 19:10:54 UTC,414,3,0
2017-04-06 19:11:29 UTC,415,4,0
2017-04-06 19:14:49 UTC,416,4,0
2017-04-06 19:23:37 UTC,417,4,0
2017-04-06 19:27:39 UTC,418,4,0
2017-04-06 19:30:12 UTC,419,2,0
2017-04-06 19:34:44 UTC,420,2,0
2017-04-06 19:42:01 UTC,421,3,0
2017-04-06 19:42:37 UTC,422,4,0
2017-04-06 19:46:20 UTC,423,1,0
2017-04-06 19:51:18 UTC,424,0,0
2017-04-06 19:54:23 UTC,425,4,0
2017-04-06 19:57:03 UTC,426,3,0
2017-04-06 19:58:02 UTC,427,4,0
2017-04-06 19:59:40 UTC,428,2,0
2017-04-06 20:00:20 UTC,429,4,0
2017-04-06 20:01:28 UTC,430,1,0
2017-04-06 20:02:25 UTC,431,4,0
2017-04-06 20:15:51 UTC,432,4,0
2017-04-06 20:18:38 UTC,433,3,0
2017-04-06 20:31:49 UTC,434,4,0
2017-04-06 20:33:17 UTC,435,2,0
2017-04-06 20:34:09 UTC,436,2,0
2017-04-06 20:40:37 UTC,437,3,0
2017-04-06 20:41:53 UTC,438,1,0
2017-04-06 20:42:38 UTC,439,4,0
2017-04-06 20:43:12 UTC,440,2,0
2017-04-06 20:48:26 UTC,441,4,0
2017-04-06 20:52:31 UTC,442,4,0
2017-04-06 20:58:06 UTC,443,3,0
2017-04-06 21:00:24 UTC,444,2,0
2017-04-06 21:14:00 UTC,445,4,0
2017-04-06 21:14:18 UTC,446,4,0
2017-04-06 21:15:19 UTC,447,3,0
2017-04-06 21:23:00 UTC,448,4,0
2017-04-06 21:24:51 UTC,449,4,0
2017-04-06 21:26:41 UTC,450,3,0
2017-04-06 21:29:28 UTC,451,4,0
2017-04-06 21:42:09 UTC,452,0,0
2017-04-06 21:48:51 UTC,453,3,0
2017-04-06 21:51:47 UTC,454,3,0
2017-04-06 22:04:31 UTC,455,2,0
2017-04-06 22:07:19 UTC,456,1,0
2017-04-06 22:11:21 UTC,457,0,0
2017-04-06 22:16:37 UTC,458,2,0
2017-04-06 22:17:30 UTC,459,2,0
2017-04-06 22:18:26 UTC,460,1,0
2017-04-06 22:21:56 UTC,461,3,0
2017-04-06 22:28:43 UTC,462,3,0
2017-04-06 22:35:14 UTC,463,2,0
2017-04-06 22:35:49 UTC,464,3,0
2017-04-06 22:36:07 UTC,465,3,0
2017-04-06 22:37:24 UTC,466,3,0
2017-04-06 22:38:55 UTC,467,3,0
2017-04-06 22:46:59 UTC,468,0,0
2017-04-06 22:47:19 UTC,469,4,0
2017-04-06 22:49:16 UTC,470,0,0
2017-04-06 22:49:49 UTC,471,1,0
2017-04-06 22:52:35 UTC,472,0,0
2017-04-06 22:58:10 UTC,473,0,0
2017-04-06 22:58:51 UTC,474,4,0
2017-04-06 23:08:10 UTC,475,2,0
2017-04-06 23:11:06 UTC,476,2,0
2017-04-06 23:15:53 UTC,477,0,0
2017-04-06 23:19:56 UTC,478,1,0
2017-04-06 23:21:12 UTC,479,4,0
2017-04-06 23:21:31 UTC,480,3,0
2017-04-06 23:21:57 UTC,481,0,0
2017-04-06 23:24:00 UTC,482,4,0
2017-04-06 23:46:17 UTC,483,4,0
2017-04-06 23:50:14 UTC,484,2,0
2017-04-07 00:00:53 UTC,485,4,0
2017-04-07 00:04:04 UTC,486,3,0
2017-04-07 00:07:20 UTC,487,2,0
2017-04-07 00:14:42 UTC,488,3,0
2017-04-07 00:21:34 UTC,489,0,0
2017-04-07 00:33:18 UTC,490,4,0
2017-04-07 00:36:02 UTC,491,3,0
2017-04-07 00:37:19 UTC,492,4,0
2017-04-07 00:37:48 UTC,493,3,0
2017-04-07 00:41:08 UTC,494,3,0
2017-04-07 00:43:00 UTC,495,2,0
2017-04-07 00:43:34 UTC,496,4,0
2017-04-07 00:47:59 UTC,497,4,0
2017-04-07 00:48:24 UTC,498,0,0
2017-04-07 00:49:38 UTC,499,0,0
2017-04-07 00:49:55 UTC,500,0,0
2017-04-07 00:50:13 UTC,501,0,0
2017-04-07 00:56:06 UTC,502,3,0
2017-04-07 00:56:27 UTC,503,3,0
2017-04-07 00:56:59 UTC,504,2,0
2017-04-07 00:58:56 UTC,505,4,0
2017-04-07 01:02:53 UTC,506,0,0
2017-04-07 01:04:28 UTC,507,1,0
2017-04-07 01:04:50 UTC,508,3,0
2017-04-07 01:09:13 UTC,509,4,0
2017-04-07 01:11:55 UTC,510,0,0
2017-04-07 01:12:13 UTC,511,1,0
2017-04-07 01:24:57 UTC,512,2,0
2017-04-07 01:48:31 UTC,513,2,0
2017-04-07 01:48:49 UTC,514,2,0
2017-04-07 02:21:09 UTC,515,1,0
2017-04-07 03:03:20 UTC,516,3,0
2017-04-07 03:17:03 UTC,517,2,0
2017-04-07 03:32:49 UTC,518,1,0
2017-04-07 03:34:29 UTC,519,1,0
2017-04-07 03:50:58 UTC,520,4,0
2017-04-07 08:45:02 UTC,521,0,0
2017-04-07 10:05:30 UTC,522,0,0
2017-04-07 11:02:14 UTC,523,0,0
2017-04-07 11:19:10 UTC,524,4,0
2017-04-07 11:21:39 UTC,525,2,0
2017-04-07 11:36:48 UTC,526,0,0
2017-04-07 11:49:54 UTC,527,0,0
2017-04-07 11:52:36 UTC,528,2,0
2017-04-07 11:53:03 UTC,529,1,0
2017-04-07 11:53:18 UTC,530,2,0
2017-04-07 12:17:20 UTC,531,4,0
2017-04-07 12:27:24 UTC,532,2,0
2017-04-07 12:35:04 UTC,533,4,0
2017-04-07 13:00:14 UTC,534,0,0
2017-04-07 13:02:46 UTC,535,2,0
2017-04-07 13:07:58 UTC,536,2,0
2017-04-07 13:10:48 UTC,537,1,0
2017-04-07 13:11:11 UTC,538,2,0
2017-04-07 13:12:04 UTC,539,2,0
2017-04-07 13:12:36 UTC,540,2,0
2017-04-07 13:17:08 UTC,541,0,0
2017-04-07 13:18:50 UTC,542,2,0
2017-04-07 13:22:51 UTC,543,2,0
2017-04-07 13:31:40 UTC,544,2,0
2017-04-07 13:53:26 UTC,545,4,0
2017-04-07 13:54:22 UTC,546,0,0
2017-04-07 13:54:37 UTC,547,2,0
2017-04-07 13:54:54 UTC,548,0,0
2017-04-07 13:56:04 UTC,549,4,0
2017-04-07 13:57:26 UTC,550,3,0
2017-04-07 13:58:00 UTC,551,4,0
2017-04-07 14:01:53 UTC,552,2,0
2017-04-07 14:02:21 UTC,553,0,0
2017-04-07 14:03:07 UTC,554,2,0
2017-04-07 14:04:11 UTC,555,3,0
2017-04-07 14:09:48 UTC,556,3,0
2017-04-07 14:10:25 UTC,557,0,0
2017-04-07 14:11:32 UTC,558,2,0
2017-04-07 14:11:48 UTC,559,2,0
2017-04-07 14:12:37 UTC,560,2,0
2017-04-07 14:14:05 UTC,561,2,0
2017-04-07 14:14:35 UTC,562,4,0
2017-04-07 14:17:11 UTC,563,4,0
2017-04-07 14:20:21 UTC,564,3,0
2017-04-07 14:21:42 UTC,565,4,0
2017-04-07 14:26:39 UTC,566,1,0
2017-04-07 14:35:10 UTC,567,2,0
2017-04-07 14:36:11 UTC,568,3,0
2017-04-07 14:37:08 UTC,569,2,0
2017-04-07 14:37:34 UTC,570,2,0
2017-04-07 14:39:18 UTC,571,2,0
2017-04-07 14:40:17 UTC,572,3,0
2017-04-07 14:44:43 UTC,573,3,0
2017-04-07 14:45:01 UTC,574,2,0
2017-04-07 14:56:02 UTC,575,2,0
2017-04-07 14:58:11 UTC,576,2,0
2017-04-07 15:11:06 UTC,577,2,0
2017-04-07 15:19:32 UTC,578,3,0
2017-04-07 15:20:46 UTC,579,1,0
2017-04-07 15:34:32 UTC,580,0,0
2017-04-07 15:34:48 UTC,581,3,0
2017-04-07 15:38:04 UTC,582,2,0
2017-04-07 15:39:49 UTC,583,0,0
2017-04-07 15:40:12 UTC,584,3,0
2017-04-07 15:42:11 UTC,585,3,0
2017-04-07 15:47:42 UTC,586,3,0
2017-04-07 15:51:06 UTC,587,4,0
2017-04-07 15:52:36 UTC,588,2,0
2017-04-07 15:53:24 UTC,589,2,0
2017-04-07 15:54:42 UTC,590,0,0
2017-04-07 16:03:35 UTC,591,0,0
2017-04-07 16:06:34 UTC,592,3,0
2017-04-07 16:07:16 UTC,593,3,0
2017-04-07 16:12:35 UTC,594,2,0
2017-04-07 16:13:27 UTC,595,1,0
2017-04-07 16:17:52 UTC,596,2,0
2017-04-07 16:27:05 UTC,597,3,0
2017-04-07 16:29:48 UTC,598,0,0
2017-04-07 16:33:34 UTC,599,3,0
2017-04-07 16:35:50 UTC,600,0,0
2017-04-07 16:36:16 UTC,601,1,0
2017-04-07 16:38:30 UTC,602,2,0
2017-04-07 16:45:29 UTC,603,4,0
2017-04-07 16:50:18 UTC,604,3,0
2017-04-07 16:50:35 UTC,605,1,0
2017-04-07 16:55:06 UTC,606,4,0
2017-04-07 16:55:21 UTC,607,3,0
2017-04-07 16:57:20 UTC,608,3,0
2017-04-07 16:57:35 UTC,609,0,0
2017-04-07 16:58:58 UTC,610,4,0
2017-04-07 16:59:15 UTC,611,3,0
2017-04-07 17:01:27 UTC,612,0,0
2017-04-07 17:03:20 UTC,613,0,0
2017-04-07 17:03:35 UTC,614,2,0
2017-04-07 17:03:54 UTC,615,0,0
2017-04-07 17:12:49 UTC,616,4,0
2017-04-07 17:15:10 UTC,617,0,0
2017-04-07 17:15:30 UTC,618,3,0
2017-04-07 17:15:47 UTC,619,3,0
2017-04-07 17:16:37 UTC,620,0,0
2017-04-07 17:18:19 UTC,621,3,0
2017-04-07 17:22:37 UTC,622,0,0
2017-04-07 17:25:24 UTC,623,2,0
2017-04-07 17:30:35 UTC,624,2,0
2017-04-07 17:32:45 UTC,625,4,0
2017-04-07 17:33:01 UTC,626,4,0
2017-04-07 17:35:54 UTC,627,4,0
2017-04-07 17:36:14 UTC,628,4,0
2017-04-07 17:37:16 UTC,629,4,0
2017-04-07 17:38:32 UTC,630,4,0
2017-04-07 17:44:38 UTC,631,2,0
2017-04-07 17:47:22 UTC,632,0,0
2017-04-07 17:47:54 UTC,633,4,0
2017-04-07 17:49:49 UTC,634,0,0
2017-04-07 17:51:13 UTC,635,2,0
2017-04-07 17:52:38 UTC,636,4,0
2017-04-07 17:53:54 UTC,637,2,0
2017-04-07 17:54:58 UTC,638,2,0
2017-04-07 17:55:16 UTC,639,3,0
2017-04-07 17:55:36 UTC,640,1,0
2017-04-07 17:59:51 UTC,641,0,0
2017-04-07 18:00:10 UTC,642,2,0
2017-04-07 18:05:18 UTC,643,0,0
2017-04-07 18:07:45 UTC,644,4,0
2017-04-07 18:10:27 UTC,645,3,0
2017-04-07 18:14:46 UTC,646,4,0
2017-04-07 18:23:34 UTC,647,2,0
2017-04-07 18:29:22 UTC,648,0,0
2017-04-07 18:29:58 UTC,649,0,0
2017-04-07 18:32:39 UTC,650,0,0
2017-04-07 18:33:23 UTC,651,1,0
2017-04-07 18:36:54 UTC,652,4,0
2017-04-07 18:45:50 UTC,653,3,0
2017-04-07 18:48:19 UTC,654,3,0
2017-04-07 18:50:58 UTC,655,0,0
2017-04-07 18:52:04 UTC,656,3,0
2017-04-07 18:55:06 UTC,657,3,0
2017-04-07 18:56:14 UTC,658,4,0
2017-04-07 18:57:05 UTC,659,4,0
2017-04-07 18:58:18 UTC,660,1,0
2017-04-07 18:59:55 UTC,661,0,0
2017-04-07 19:00:50 UTC,662,2,0
2017-04-07 19:03:54 UTC,663,4,0
2017-04-07 19:05:49 UTC,664,3,0
2017-04-07 19:11:06 UTC,665,3,0
2017-04-07 19:11:46 UTC,666,3,0
2017-04-07 19:14:16 UTC,667,0,0
2017-04-07 19:15:51 UTC,668,2,0
2017-04-07 19:16:30 UTC,669,2,0
2017-04-07 19:17:52 UTC,670,4,0
2017-04-07 19:20:32 UTC,671,2,0
2017-04-07 19:34:45 UTC,672,2,0
2017-04-07 19:37:10 UTC,673,0,0
2017-04-07 19:38:06 UTC,674,0,0
2017-04-07 19:40:20 UTC,675,2,0
2017-04-07 19:47:05 UTC,676,4,0
2017-04-07 19:48:22 UTC,677,3,0
2017-04-07 19:49:11 UTC,678,1,0
2017-04-07 19:49:35 UTC,679,2,0
2017-04-07 19:50:00 UTC,680,4,0
2017-04-07 19:52:29 UTC,681,4,0
2017-04-07 19:52:50 UTC,682,4,0
2017-04-07 19:54:10 UTC,683,0,0
2017-04-07 19:57:24 UTC,684,3,0
2017-04-07 19:58:02 UTC,685,0,0
2017-04-07 20:14:14 UTC,686,4,0
2017-04-07 20:19:15 UTC,687,2,0
2017-04-07 20:32:35 UTC,688,2,0
2017-04-07 20:35:55 UTC,689,1,0
2017-04-07 20:39:11 UTC,690,1,0
2017-04-07 21:03:46 UTC,691,4,0
2017-04-07 21:08:12 UTC,692,0,0
2017-04-07 21:19:32 UTC,693,4,0
2017-04-07 21:24:33 UTC,694,0,0
2017-04-07 21:27:56 UTC,695,3,0
2017-04-07 21:28:54 UTC,696,3,0
2017-04-07 21:29:33 UTC,697,3,0
2017-04-07 21:29:51 UTC,698,1,0
2017-04-07 21:35:33 UTC,699,1,0
2017-04-07 21:39:00 UTC,700,2,0
2017-04-07 21:40:11 UTC,701,2,0
2017-04-07 22:01:11 UTC,702,4,0
2017-04-07 22:13:30 UTC,703,1,0
2017-04-07 22:14:05 UTC,704,0,0
2017-04-07 22:25:02 UTC,705,2,0
2017-04-07 22:38:01 UTC,706,0,0
2017-04-07 22:49:59 UTC,707,1,0
2017-04-07 22:50:36 UTC,708,2,0
2017-04-07 22:50:56 UTC,709,0,0
2017-04-07 22:58:56 UTC,710,1,0
2017-04-07 22:59:45 UTC,711,0,0
2017-04-07 23:03:55 UTC,712,0,0
2017-04-07 23:13:17 UTC,713,0,0
2017-04-07 23:18:51 UTC,714,3,0
2017-04-07 23:28:59 UTC,715,2,0
2017-04-07 23:29:26 UTC,716,3,0
2017-04-07 23:31:58 UTC,717,0,0
2017-04-07 23:41:10 UTC,718,0,0
2017-04-07 23:42:09 UTC,719,0,0
2017-04-07 23:49:39 UTC,720,3,0
2017-04-07 23:50:55 UTC,721,4,0
2017-04-07 23:51:13 UTC,722,4,0
2017-04-07 23:55:15 UTC,723,3,0
2017-04-07 23:56:05 UTC,724,4,0
2017-04-08 00:03:03 UTC,725,3,0
2017-04-08 00:06:55 UTC,726,2,0
2017-04-08 00:11:37 UTC,727,2,0
2017-04-08 00:16:06 UTC,728,3,0
2017-04-08 00:29:02 UTC,729,2,0
2017-04-08 00:34:04 UTC,730,4,0
2017-04-08 00:49:10 UTC,731,4,0
2017-04-08 00:51:12 UTC,732,3,0
2017-04-08 00:57:13 UTC,733,4,0
2017-04-08 00:59:51 UTC,734,4,0
2017-04-08 01:08:58 UTC,735,4,0
2017-04-08 01:09:52 UTC,736,0,0
2017-04-08 01:16:35 UTC,737,3,0
2017-04-08 01:20:05 UTC,738,0,0
2017-04-08 01:23:28 UTC,739,3,0
2017-04-08 01:39:12 UTC,740,0,0
2017-04-08 01:40:04 UTC,741,1,0
2017-04-08 01:40:23 UTC,742,3,0
2017-04-08 01:40:45 UTC,743,2,0
2017-04-08 01:41:16 UTC,744,4,0
2017-04-08 01:41:36 UTC,745,4,0
2017-04-08 01:44:42 UTC,746,4,0
2017-04-08 01:46:35 UTC,747,0,0
2017-04-08 01:49:02 UTC,748,4,0
2017-04-08 01:50:08 UTC,749,4,0
2017-04-08 01:57:38 UTC,750,3,0
2017-04-08 02:11:33 UTC,751,0,0
2017-04-08 02:47:48 UTC,752,4,0
2017-04-08 02:49:30 UTC,753,3,0
2017-04-08 02:49:47 UTC,754,0,0
2017-04-08 03:12:08 UTC,755,4,0
2017-04-08 03:18:22 UTC,756,2,0
2017-04-08 03:18:38 UTC,757,0,0
2017-04-08 03:32:45 UTC,758,4,0
2017-04-08 03:51:15 UTC,759,0,0
2017-04-08 04:31:22 UTC,760,0,0
2017-04-08 04:31:38 UTC,761,0,0
2017-04-08 04:44:09 UTC,762,2,0
2017-04-08 05:02:10 UTC,763,4,0
2017-04-08 05:35:18 UTC,764,2,0
2017-04-08 05:35:36 UTC,765,0,0
2017-04-08 06:02:52 UTC,766,0,0
2017-04-08 13:55:21 UTC,767,4,0
2017-04-08 14:28:53 UTC,768,4,0
2017-04-08 14:33:00 UTC,769,0,0
2017-04-08 14:53:40 UTC,770,4,0
2017-04-08 14:56:35 UTC,771,3,0
2017-04-08 15:03:16 UTC,772,3,0
2017-04-08 15:17:21 UTC,773,0,0
2017-04-08 15:21:27 UTC,774,1,0
2017-04-08 15:24:44 UTC,775,4,0
2017-04-08 15:28:48 UTC,776,3,0
2017-04-08 15:44:30 UTC,777,4,0
2017-04-08 15:47:51 UTC,778,3,0
2017-04-08 15:52:33 UTC,779,4,0
2017-04-08 15:56:17 UTC,780,0,0
2017-04-08 15:58:39 UTC,781,4,0
2017-04-08 16:01:11 UTC,782,0,0
2017-04-08 16:01:36 UTC,783,3,0
2017-04-08 16:03:26 UTC,784,2,0
2017-04-08 16:12:47 UTC,785,0,0
2017-04-08 16:13:42 UTC,786,3,0
2017-04-08 16:14:09 UTC,787,0,0
2017-04-08 16:20:34 UTC,788,0,0
2017-04-08 16:22:20 UTC,789,3,0
2017-04-08 16:26:19 UTC,790,4,0
2017-04-08 16:26:51 UTC,791,3,0
2017-04-08 16:32:35 UTC,792,4,0
2017-04-08 16:36:12 UTC,793,4,0
2017-04-08 16:45:35 UTC,794,4,0
2017-04-08 16:45:52 UTC,795,4,0
2017-04-08 16:49:44 UTC,796,4,0
2017-04-08 16:53:05 UTC,797,0,0
2017-04-08 16:55:49 UTC,798,0,0
2017-04-08 17:08:11 UTC,799,1,0
2017-04-08 17:09:45 UTC,800,0,0
2017-04-08 17:11:43 UTC,801,1,0
2017-04-08 17:14:05 UTC,802,3,0
2017-04-08 17:14:50 UTC,803,4,0
2017-04-08 17:18:19 UTC,804,0,0
2017-04-08 17:20:12 UTC,805,4,0
2017-04-08 17:24:56 UTC,806,4,0
2017-04-08 17:25:18 UTC,807,4,0
2017-04-08 17:31:44 UTC,808,3,0
2017-04-08 17:37:09 UTC,809,0,0
2017-04-08 17:37:31 UTC,810,1,0
2017-04-08 17:38:51 UTC,811,3,0
2017-04-08 17:39:55 UTC,812,4,0
2017-04-08 17:42:31 UTC,813,4,0
2017-04-08 17:42:52 UTC,814,3,0
2017-04-08 17:55:26 UTC,815,2,0
2017-04-08 17:57:19 UTC,816,4,0
2017-04-08 17:58:57 UTC,817,4,0
2017-04-08 18:05:43 UTC,818,4,0
2017-04-08 18:09:10 UTC,819,4,0
2017-04-08 18:13:57 UTC,820,0,0
2017-04-08 18:33:10 UTC,821,2,0
2017-04-08 18:33:59 UTC,822,3,0
2017-04-08 18:41:51 UTC,823,0,0
2017-04-08 18:44:01 UTC,824,0,0
2017-04-08 18:44:51 UTC,825,2,0
2017-04-08 18:52:12 UTC,826,0,0
2017-04-08 18:55:56 UTC,827,1,0
2017-04-08 18:57:04 UTC,828,0,0
2017-04-08 19:02:17 UTC,829,0,0
2017-04-08 19:07:13 UTC,830,3,0
2017-04-08 19:11:04 UTC,831,4,0
2017-04-08 19:22:27 UTC,832,4,0
2017-04-08 19:29:55 UTC,833,3,0
2017-04-08 19:33:19 UTC,834,0,0
2017-04-08 19:35:33 UTC,835,4,0
2017-04-08 19:42:42 UTC,836,2,0
2017-04-08 19:51:11 UTC,837,2,0
2017-04-08 19:53:19 UTC,838,0,0
2017-04-08 20:03:43 UTC,839,2,0
2017-04-08 20:10:30 UTC,840,0,0
2017-04-08 20:13:12 UTC,841,1,0
2017-04-08 20:21:16 UTC,842,4,0
2017-04-08 20:21:37 UTC,843,3,0
2017-04-08 20:29:58 UTC,844,4,0
2017-04-08 20:45:22 UTC,845,2,0
2017-04-08 20:52:13 UTC,846,4,0
2017-04-08 20:54:06 UTC,847,2,0
2017-04-08 20:55:50 UTC,848,4,0
2017-04-08 21:07:57 UTC,849,2,0
2017-04-08 21:13:44 UTC,850,4,0
2017-04-08 21:33:37 UTC,851,3,0
2017-04-08 21:37:12 UTC,852,4,0
2017-04-08 21:48:45 UTC,853,0,0
2017-04-08 21:56:16 UTC,854,2,0
2017-04-08 21:56:32 UTC,855,4,0
2017-04-08 21:56:54 UTC,856,0,0
2017-04-08 22:10:17 UTC,857,3,0
2017-04-08 22:13:49 UTC,858,0,0
2017-04-08 22:14:08 UTC,859,0,0
2017-04-08 22:15:21 UTC,860,3,0
2017-04-08 22:19:48 UTC,861,4,0
2017-04-08 22:20:41 UTC,862,3,0
2017-04-08 22:22:06 UTC,863,2,0
2017-04-08 22:26:00 UTC,864,3,0
2017-04-08 22:27:59 UTC,865,4,0
2017-04-08 22:33:30 UTC,866,0,0
2017-04-08 22:33:56 UTC,867,1,0
2017-04-08 22:39:20 UTC,868,0,0
2017-04-08 22:46:28 UTC,869,3,0
2017-04-08 22:46:44 UTC,870,4,0
2017-04-08 22:50:24 UTC,871,4,0
2017-04-08 22:55:16 UTC,872,1,0
2017-04-08 22:55:35 UTC,873,4,0
2017-04-08 23:04:21 UTC,874,0,0
2017-04-08 23:04:59 UTC,875,1,0
2017-04-08 23:07:31 UTC,876,0,0
2017-04-08 23:38:20 UTC,877,0,0
2017-04-08 23:38:53 UTC,878,4,0
2017-04-08 23:54:10 UTC,879,1,0
2017-04-08 23:54:28 UTC,880,4,0
2017-04-08 23:54:47 UTC,881,3,0
2017-04-08 23:55:05 UTC,882,0,0
2017-04-08 23:57:38 UTC,883,0,0
2017-04-08 23:59:17 UTC,884,0,0
2017-04-09 00:00:11 UTC,885,4,0
2017-04-09 00:03:27 UTC,886,3,0
2017-04-09 00:03:52 UTC,887,0,0
2017-04-09 00:06:21 UTC,888,3,0
2017-04-09 00:10:17 UTC,889,4,0
2017-04-09 00:10:34 UTC,890,3,0
2017-04-09 00:10:52 UTC,891,2,0
2017-04-09 00:11:10 UTC,892,0,0
2017-04-09 00:17:02 UTC,893,3,0
2017-04-09 00:17:24 UTC,894,4,0
2017-04-09 00:27:14 UTC,895,2,0
2017-04-09 00:27:40 UTC,896,0,0
2017-04-09 00:41:58 UTC,897,2,0
2017-04-09 00:44:59 UTC,898,4,0
2017-04-09 00:48:16 UTC,899,2,0
2017-04-09 00:48:36 UTC,900,4,0
2017-04-09 00:50:04 UTC,901,4,0
2017-04-09 01:27:32 UTC,902,0,0
2017-04-09 01:27:48 UTC,903,3,0
2017-04-09 02:02:58 UTC,904,0,0
2017-04-09 02:11:43 UTC,905,4,0
2017-04-09 02:49:39 UTC,906,2,0
2017-04-09 02:49:57 UTC,907,2,0
2017-04-09 02:50:12 UTC,908,4,0
2017-04-09 03:03:55 UTC,909,1,0
2017-04-09 03:13:23 UTC,910,0,0
2017-04-09 03:33:41 UTC,911,4,0
2017-04-09 12:14:28 UTC,912,0,0
2017-04-09 14:48:05 UTC,913,4,0
2017-04-09 15:08:27 UTC,914,4,0
2017-04-09 15:28:27 UTC,915,2,0
2017-04-09 15:46:09 UTC,916,3,0
2017-04-09 16:12:48 UTC,917,3,0
2017-04-09 16:20:59 UTC,918,0,0
2017-04-09 16:56:17 UTC,919,4,0
2017-04-09 17:05:09 UTC,920,0,0
2017-04-09 17:05:37 UTC,921,2,0
2017-04-09 17:09:20 UTC,922,0,0
2017-04-09 17:13:25 UTC,923,3,0
2017-04-09 17:16:01 UTC,924,4,0
2017-04-09 17:22:32 UTC,925,3,0
2017-04-09 17:30:55 UTC,926,2,0
2017-04-09 18:08:39 UTC,927,4,0
2017-04-09 18:09:01 UTC,928,4,0
2017-04-09 18:09:26 UTC,929,4,0
2017-04-09 18:09:46 UTC,930,0,0
2017-04-09 18:10:02 UTC,931,1,0
2017-04-09 18:14:04 UTC,932,3,0
2017-04-09 18:22:28 UTC,933,3,0
2017-04-09 18:46:32 UTC,934,2,0
2017-04-09 18:53:00 UTC,935,4,0
2017-04-09 18:54:23 UTC,936,4,0
2017-04-09 18:55:58 UTC,937,0,0
2017-04-09 18:58:50 UTC,938,1,0
2017-04-09 19:32:44 UTC,939,1,0
2017-04-09 19:39:12 UTC,940,4,0
2017-04-09 19:58:43 UTC,941,3,0
2017-04-09 20:09:14 UTC,942,0,0
2017-04-09 20:33:32 UTC,943,4,0
2017-04-09 20:33:48 UTC,944,3,0
2017-04-09 20:39:46 UTC,945,0,0
2017-04-09 20:40:35 UTC,946,3,0
2017-04-09 20:41:14 UTC,947,2,0
2017-04-09 20:41:38 UTC,948,4,0
2017-04-09 20:50:04 UTC,949,0,0
2017-04-09 20:50:23 UTC,950,3,0
2017-04-09 20:54:24 UTC,951,2,0
2017-04-09 21:26:38 UTC,952,0,0
2017-04-09 21:31:31 UTC,953,1,0
2017-04-09 21:32:20 UTC,954,1,0
2017-04-09 21:32:41 UTC,955,1,0
2017-04-09 21:33:03 UTC,956,4,0
2017-04-09 21:49:31 UTC,957,1,0
2017-04-09 21:49:49 UTC,958,0,0
2017-04-09 21:57:11 UTC,959,0,0
2017-04-09 21:58:53 UTC,960,1,0
2017-04-09 22:02:11 UTC,961,0,0
2017-04-09 22:02:43 UTC,962,1,0
2017-04-09 22:11:12 UTC,963,0,0
2017-04-09 22:16:55 UTC,964,4,0
2017-04-09 22:19:20 UTC,965,4,0
2017-04-09 22:19:38 UTC,966,0,0
2017-04-09 22:19:57 UTC,967,4,0
2017-04-09 22:25:56 UTC,968,0,0
2017-04-09 22:26:37 UTC,969,4,0
2017-04-09 22:28:48 UTC,970,1,0
2017-04-09 22:50:29 UTC,971,4,0
2017-04-09 22:58:08 UTC,972,1,0
2017-04-09 23:01:40 UTC,973,2,0
2017-04-09 23:15:29 UTC,974,2,0
2017-04-09 23:22:26 UTC,975,4,0
2017-04-09 23:22:41 UTC,976,4,0
2017-04-09 23:27:31 UTC,977,2,0
2017-04-09 23:46:29 UTC,978,0,0
2017-04-10 00:09:03 UTC,979,2,0
2017-04-10 00:35:51 UTC,980,2,0
2017-04-10 00:46:11 UTC,981,1,0
2017-04-10 01:11:19 UTC,982,0,0
2017-04-10 01:18:07 UTC,983,1,0
2017-04-10 01:41:37 UTC,984,2,0
2017-04-10 01:47:55 UTC,985,1,0
2017-04-10 01:53:13 UTC,986,0,0
2017-04-10 02:08:36 UTC,987,2,0
2017-04-10 02:37:32 UTC,988,3,0
2017-04-10 07:02:46 UTC,989,0,0
2017-04-10 10:41:28 UTC,990,0,0
2017-04-10 11:36:15 UTC,991,2,0
2017-04-10 12:18:22 UTC,992,2,0
2017-04-10 12:28:56 UTC,993,3,0
2017-04-10 12:44:53 UTC,994,0,0
2017-04-10 12:49:44 UTC,995,0,0
2017-04-10 12:50:35 UTC,996,2,0
2017-04-10 12:57:56 UTC,997,4,0
2017-04-10 12:58:18 UTC,998,3,0
2017-04-10 13:00:06 UTC,999,3,0
2017-04-10 13:01:34 UTC,1000,4,0
2017-04-10 13:01:52 UTC,1001,2,0
2017-04-10 13:04:21 UTC,1002,2,0
2017-04-10 13:05:32 UTC,1003,0,0
2017-04-10 13:08:12 UTC,1004,4,0
2017-04-10 13:20:50 UTC,1005,1,0
2017-04-10 13:26:57 UTC,1006,3,0
2017-04-10 13:35:26 UTC,1007,3,0
2017-04-10 13:35:46 UTC,1008,2,0
2017-04-10 13:36:08 UTC,1009,2,0
2017-04-10 13:37:29 UTC,1010,4,0
2017-04-10 13:39:04 UTC,1011,0,0
2017-04-10 13:46:04 UTC,1012,2,0
2017-04-10 13:50:38 UTC,1013,3,0
2017-04-10 13:51:27 UTC,1014,3,0
2017-04-10 13:56:04 UTC,1015,1,0
2017-04-10 13:56:24 UTC,1016,2,0
2017-04-10 14:03:20 UTC,1017,1,0
2017-04-10 14:08:09 UTC,1018,0,0
2017-04-10 14:08:38 UTC,1019,2,0
2017-04-10 14:16:55 UTC,1020,3,0
2017-04-10 14:18:54 UTC,1021,4,0
2017-04-10 14:24:50 UTC,1022,4,0
2017-04-10 14:25:17 UTC,1023,0,0
2017-04-10 14:29:17 UTC,1024,4,0
2017-04-10 14:34:12 UTC,1025,2,0
2017-04-10 14:35:39 UTC,1026,0,0
2017-04-10 14:38:01 UTC,1027,4,0
2017-04-10 14:38:55 UTC,1028,4,0
2017-04-10 14:51:10 UTC,1029,4,0
2017-04-10 14:54:42 UTC,1030,3,0
2017-04-10 15:01:28 UTC,1031,4,0
2017-04-10 15:04:28 UTC,1032,4,0
2017-04-10 15:05:17 UTC,1033,1,0
2017-04-10 15:06:02 UTC,1034,3,0
2017-04-10 15:25:04 UTC,1035,0,0
2017-04-10 15:25:26 UTC,1036,0,0
2017-04-10 15:30:13 UTC,1037,1,0
2017-04-10 15:33:20 UTC,1038,4,0
2017-04-10 15:34:37 UTC,1039,4,0
2017-04-10 15:38:20 UTC,1040,1,0
2017-04-10 15:49:19 UTC,1041,0,0
2017-04-10 15:50:58 UTC,1042,3,0
2017-04-10 15:53:31 UTC,1043,3,0
2017-04-10 15:54:50 UTC,1044,0,0
2017-04-10 15:56:31 UTC,1045,3,0
2017-04-10 16:00:15 UTC,1046,4,0
2017-04-10 16:01:37 UTC,1047,2,0
2017-04-10 16:03:26 UTC,1048,3,0
2017-04-10 16:03:41 UTC,1049,3,0
2017-04-10 16:09:53 UTC,1050,2,0
2017-04-10 16:17:04 UTC,1051,3,0
2017-04-10 16:20:59 UTC,1052,2,0
2017-04-10 16:32:49 UTC,1053,2,0
2017-04-10 16:34:50 UTC,1054,1,0
2017-04-10 16:43:53 UTC,1055,0,0
2017-04-10 16:52:42 UTC,1056,2,0
2017-04-10 16:53:04 UTC,1057,4,0
2017-04-10 16:54:05 UTC,1058,3,0
2017-04-10 16:54:28 UTC,1059,2,0
2017-04-10 16:57:26 UTC,1060,3,0
2017-04-10 17:00:30 UTC,1061,1,0
2017-04-10 17:24:05 UTC,1062,2,0
2017-04-10 17:27:45 UTC,1063,2,0
2017-04-10 17:35:55 UTC,1064,3,0
2017-04-10 17:38:59 UTC,1065,3,0
2017-04-10 17:45:36 UTC,1066,2,0
2017-04-10 17:46:36 UTC,1067,1,0
2017-04-10 17:47:22 UTC,1068,4,0
2017-04-10 17:52:30 UTC,1069,2,0
2017-04-10 17:52:49 UTC,1070,3,0
2017-04-10 17:58:54 UTC,1071,1,0
2017-04-10 18:01:03 UTC,1072,2,0
2017-04-10 18:04:12 UTC,1073,3,0
2017-04-10 18:05:27 UTC,1074,2,0
2017-04-10 18:09:34 UTC,1075,0,0
2017-04-10 18:12:13 UTC,1076,0,0
2017-04-10 18:13:23 UTC,1077,2,0
2017-04-10 18:14:18 UTC,1078,3,0
2017-04-10 18:14:45 UTC,1079,3,0
2017-04-10 18:17:06 UTC,1080,4,0
2017-04-10 18:22:37 UTC,1081,2,0
2017-04-10 18:23:09 UTC,1082,2,0
2017-04-10 18:23:39 UTC,1083,4,0
2017-04-10 18:35:43 UTC,1084,0,0
2017-04-10 18:36:20 UTC,1085,2,0
2017-04-10 18:44:59 UTC,1086,4,0
2017-04-10 18:49:20 UTC,1087,3,0
2017-04-10 18:51:21 UTC,1088,2,0
2017-04-10 18:54:26 UTC,1089,2,0
2017-04-10 18:54:42 UTC,1090,3,0
2017-04-10 18:59:11 UTC,1091,4,0
2017-04-10 19:07:37 UTC,1092,3,0
2017-04-10 19:08:21 UTC,1093,4,0
2017-04-10 19:14:24 UTC,1094,3,0
2017-04-10 19:14:48 UTC,1095,3,0
2017-04-10 19:15:33 UTC,1096,0,0
2017-04-10 19:15:50 UTC,1097,2,0
2017-04-10 19:16:25 UTC,1098,0,0
2017-04-10 19:17:12 UTC,1099,2,0
2017-04-10 19:17:29 UTC,1100,0,0
2017-04-10 19:19:11 UTC,1101,1,0
2017-04-10 19:29:56 UTC,1102,3,0
2017-04-10 19:31:17 UTC,1103,1,0
2017-04-10 19:32:43 UTC,1104,0,0
2017-04-10 19:34:10 UTC,1105,0,0
2017-04-10 19:34:38 UTC,1106,4,0
2017-04-10 19:38:14 UTC,1107,2,0
2017-04-10 19:39:36 UTC,1108,4,0
2017-04-10 19:56:03 UTC,1109,1,0
2017-04-10 19:56:42 UTC,1110,1,0
2017-04-10 20:01:33 UTC,1111,3,0
2017-04-10 20:06:38 UTC,1112,1,0
2017-04-10 20:07:02 UTC,1113,0,0
2017-04-10 20:09:44 UTC,1114,2,0
2017-04-10 20:14:58 UTC,1115,1,0
2017-04-10 20:18:29 UTC,1116,2,0
2017-04-10 20:20:25 UTC,1117,0,0
2017-04-10 20:24:22 UTC,1118,4,0
2017-04-10 20:24:38 UTC,1119,4,0
2017-04-10 20:26:43 UTC,1120,4,0
2017-04-10 20:28:36 UTC,1121,0,0
2017-04-10 20:30:06 UTC,1122,4,0
2017-04-10 20:36:40 UTC,1123,4,0
2017-04-10 20:44:16 UTC,1124,3,0
2017-04-10 20:47:54 UTC,1125,1,0
2017-04-10 20:59:39 UTC,1126,1,0
2017-04-10 20:59:56 UTC,1127,0,0
2017-04-10 21:02:39 UTC,1128,1,0
2017-04-10 21:09:31 UTC,1129,2,0
2017-04-10 21:10:40 UTC,1130,4,0
2017-04-10 21:11:08 UTC,1131,4,0
2017-04-10 21:11:31 UTC,1132,3,0
2017-04-10 21:11:46 UTC,1133,4,0
2017-04-10 21:23:10 UTC,1134,4,0
2017-04-10 21:25:48 UTC,1135,3,0
2017-04-10 21:26:21 UTC,1136,3,0
2017-04-10 21:27:00 UTC,1137,4,0
2017-04-10 21:27:16 UTC,1138,2,0
2017-04-10 21:27:38 UTC,1139,1,0
2017-04-10 21:30:58 UTC,1140,4,0
2017-04-10 21:31:26 UTC,1141,1,0
2017-04-10 21:34:29 UTC,1142,4,0
2017-04-10 21:55:12 UTC,1143,3,0
2017-04-10 21:56:07 UTC,1144,2,0
2017-04-10 21:56:41 UTC,1145,2,0
2017-04-10 21:56:56 UTC,1146,3,0
2017-04-10 22:01:33 UTC,1147,3,0
2017-04-10 22:05:19 UTC,1148,1,0
2017-04-10 22:10:10 UTC,1149,2,0
2017-04-10 22:12:28 UTC,1150,0,0
2017-04-10 22:14:39 UTC,1151,4,0
2017-04-10 22:15:20 UTC,1152,3,0
2017-04-10 22:36:08 UTC,1153,1,0
2017-04-10 22:45:37 UTC,1154,4,0
2017-04-10 22:46:35 UTC,1155,2,0
2017-04-10 23:12:05 UTC,1156,0,0
2017-04-10 23:16:18 UTC,1157,0,0
2017-04-10 23:17:39 UTC,1158,0,0
2017-04-10 23:18:19 UTC,1159,0,0
2017-04-10 23:31:49 UTC,1160,2,0
2017-04-10 23:42:11 UTC,1161,1,0
2017-04-10 23:42:30 UTC,1162,2,0
2017-04-10 23:45:34 UTC,1163,2,0
2017-04-10 23:56:45 UTC,1164,2,0
2017-04-11 00:08:22 UTC,1165,4,0
2017-04-11 00:14:13 UTC,1166,0,0
2017-04-11 00:18:04 UTC,1167,1,0
2017-04-11 00:19:49 UTC,1168,2,0
2017-04-11 00:27:52 UTC,1169,4,0
2017-04-11 00:28:11 UTC,1170,1,0
2017-04-11 00:28:30 UTC,1171,4,0
2017-04-11 01:06:55 UTC,1172,4,0
2017-04-11 01:24:17 UTC,1173,0,0
2017-04-11 02:15:54 UTC,1174,0,0
2017-04-11 02:16:12 UTC,1175,0,0
2017-04-11 02:21:35 UTC,1176,3,0
2017-04-11 02:23:47 UTC,1177,1,0
2017-04-11 03:01:05 UTC,1178,1,0
2017-04-11 03:04:43 UTC,1179,2,0
2017-04-11 03:11:57 UTC,1180,2,0
2017-04-11 04:41:44 UTC,1181,4,0
2017-04-11 08:20:20 UTC,1182,1,0
2017-04-11 09:11:52 UTC,1183,0,0
2017-04-11 10:44:22 UTC,1184,2,0
2017-04-11 11:09:54 UTC,1185,3,0
2017-04-11 11:29:40 UTC,1186,4,0
2017-04-11 11:34:08 UTC,1187,4,0
2017-04-11 11:50:21 UTC,1188,0,0
2017-04-11 12:04:20 UTC,1189,3,0
2017-04-11 12:14:52 UTC,1190,3,0
2017-04-11 12:30:46 UTC,1191,3,0
2017-04-11 12:31:02 UTC,1192,4,0
2017-04-11 13:01:51 UTC,1193,2,0
2017-04-11 13:13:28 UTC,1194,2,0
2017-04-11 13:15:34 UTC,1195,0,0
2017-04-11 13:22:45 UTC,1196,2,0
2017-04-11 13:38:55 UTC,1197,2,0
2017-04-11 13:41:39 UTC,1198,0,0
2017-04-11 13:46:19 UTC,1199,4,0
2017-04-11 13:48:30 UTC,1200,2,0
2017-04-11 13:50:38 UTC,1201,2,0
2017-04-11 13:59:06 UTC,1202,2,0
2017-04-11 13:59:47 UTC,1203,4,0
2017-04-11 14:12:52 UTC,1204,0,0
2017-04-11 14:24:04 UTC,1205,1,0
2017-04-11 14:25:02 UTC,1206,4,0
2017-04-11 14:33:13 UTC,1207,4,0
2017-04-11 14:33:32 UTC,1208,0,0
2017-04-11 14:33:56 UTC,1209,0,0
2017-04-11 14:41:37 UTC,1210,3,0
2017-04-11 14:46:44 UTC,1211,2,0
2017-04-11 14:47:18 UTC,1212,0,0
2017-04-11 14:48:56 UTC,1213,3,0
2017-04-11 14:52:40 UTC,1214,4,0
2017-04-11 14:57:21 UTC,1215,2,0
2017-04-11 14:59:13 UTC,1216,3,0
2017-04-11 15:01:05 UTC,1217,3,0
2017-04-11 15:01:56 UTC,1218,3,0
2017-04-11 15:02:54 UTC,1219,3,0
2017-04-11 15:04:39 UTC,1220,2,0
2017-04-11 15:08:37 UTC,1221,2,0
2017-04-11 15:30:40 UTC,1222,2,0
2017-04-11 15:33:22 UTC,1223,4,0
2017-04-11 15:40:09 UTC,1224,2,0
2017-04-11 15:46:19 UTC,1225,4,0
2017-04-11 15:57:07 UTC,1226,4,0
2017-04-11 15:59:49 UTC,1227,3,0
2017-04-11 16:01:48 UTC,1228,4,0
2017-04-11 16:03:16 UTC,1229,3,0
2017-04-11 16:04:11 UTC,1230,4,0
2017-04-11 16:09:46 UTC,1231,1,0
2017-04-11 16:16:43 UTC,1232,1,0
2017-04-11 16:18:41 UTC,1233,2,0
2017-04-11 16:20:24 UTC,1234,2,0
2017-04-11 16:29:39 UTC,1235,3,0
2017-04-11 16:31:16 UTC,1236,4,0
2017-04-11 16:36:30 UTC,1237,2,0
2017-04-11 16:39:43 UTC,1238,3,0
2017-04-11 16:40:29 UTC,1239,0,0
2017-04-11 16:53:51 UTC,1240,0,0
2017-04-11 16:57:59 UTC,1241,4,0
2017-04-11 16:58:34 UTC,1242,3,0
2017-04-11 16:58:53 UTC,1243,2,0
2017-04-11 16:59:56 UTC,1244,2,0
2017-04-11 17:00:31 UTC,1245,4,0
2017-04-11 17:10:59 UTC,1246,4,0
2017-04-11 17:11:34 UTC,1247,4,0
2017-04-11 17:20:34 UTC,1248,4,0
2017-04-11 17:20:55 UTC,1249,2,0
2017-04-11 17:24:51 UTC,1250,2,0
2017-04-11 17:28:01 UTC,1251,0,0
2017-04-11 17:28:55 UTC,1252,2,0
2017-04-11 17:37:34 UTC,1253,1,0
2017-04-11 17:40:49 UTC,1254,3,0
2017-04-11 17:42:06 UTC,1255,3,0
2017-04-11 17:43:31 UTC,1256,4,0
2017-04-11 17:44:45 UTC,1257,0,0
2017-04-11 17:52:00 UTC,1258,3,0
2017-04-11 17:52:32 UTC,1259,2,0
2017-04-11 17:52:57 UTC,1260,2,0
2017-04-11 17:55:23 UTC,1261,0,0
2017-04-11 17:57:11 UTC,1262,3,0
2017-04-11 17:58:16 UTC,1263,3,0
2017-04-11 17:59:51 UTC,1264,1,0
2017-04-11 18:02:30 UTC,1265,0,0
2017-04-11 18:04:16 UTC,1266,4,0
2017-04-11 18:07:04 UTC,1267,2,0
2017-04-11 18:11:14 UTC,1268,1,0
2017-04-11 18:13:45 UTC,1269,2,0
2017-04-11 18:20:59 UTC,1270,4,0
2017-04-11 18:32:26 UTC,1271,0,0
2017-04-11 18:34:52 UTC,1272,0,0
2017-04-11 18:37:12 UTC,1273,0,0
2017-04-11 18:39:35 UTC,1274,2,0
2017-04-11 18:42:53 UTC,1275,3,0
2017-04-11 18:46:14 UTC,1276,2,0
2017-04-11 18:48:23 UTC,1277,4,0
2017-04-11 18:58:32 UTC,1278,3,0
2017-04-11 19:00:12 UTC,1279,0,0
2017-04-11 19:00:52 UTC,1280,3,0
2017-04-11 19:13:00 UTC,1281,0,0
2017-04-11 19:14:39 UTC,1282,0,0
2017-04-11 19:19:23 UTC,1283,2,0
2017-04-11 19:24:51 UTC,1284,2,0
2017-04-11 19:27:37 UTC,1285,4,0
2017-04-11 19:36:47 UTC,1286,3,0
2017-04-11 19:43:32 UTC,1287,3,0
2017-04-11 19:45:32 UTC,1288,1,0
2017-04-11 19:46:41 UTC,1289,1,0
2017-04-11 19:59:35 UTC,1290,4,0
2017-04-11 20:01:30 UTC,1291,2,0
2017-04-11 20:03:41 UTC,1292,1,0
2017-04-11 20:05:04 UTC,1293,1,0
2017-04-11 20:07:06 UTC,1294,2,0
2017-04-11 20:08:31 UTC,1295,0,0
2017-04-11 20:09:09 UTC,1296,1,0
2017-04-11 20:19:56 UTC,1297,3,0
2017-04-11 20:25:42 UTC,1298,1,0
2017-04-11 20:26:29 UTC,1299,0,0
2017-04-11 20:30:35 UTC,1300,1,0
2017-04-11 20:31:06 UTC,1301,2,0
2017-04-11 20:42:00 UTC,1302,4,0
2017-04-11 20:42:21 UTC,1303,3,0
2017-04-11 20:47:13 UTC,1304,2,0
2017-04-11 20:51:16 UTC,1305,1,0
2017-04-11 20:51:56 UTC,1306,1,0
2017-04-11 20:58:54 UTC,1307,3,0
2017-04-11 21:04:08 UTC,1308,4,0
2017-04-11 21:12:23 UTC,1309,4,0
2017-04-11 21:13:35 UTC,1310,1,0
2017-04-11 21:15:32 UTC,1311,3,0
2017-04-11 21:28:22 UTC,1312,3,0
2017-04-11 21:33:34 UTC,1313,4,0
2017-04-11 21:35:43 UTC,1314,3,0
2017-04-11 21:36:29 UTC,1315,1,0
2017-04-11 21:40:00 UTC,1316,4,0
2017-04-11 21:40:24 UTC,1317,1,0
2017-04-11 21:42:09 UTC,1318,2,0
2017-04-11 21:45:22 UTC,1319,4,0
2017-04-11 21:49:45 UTC,1320,1,0
2017-04-11 21:50:09 UTC,1321,0,0
2017-04-11 21:50:51 UTC,1322,0,0
2017-04-11 21:54:34 UTC,1323,0,0
2017-04-11 21:55:48 UTC,1324,0,0
2017-04-11 21:56:16 UTC,1325,3,0
2017-04-11 22:01:42 UTC,1326,3,0
2017-04-11 22:05:10 UTC,1327,2,0
2017-04-11 22:22:01 UTC,1328,0,0
2017-04-11 22:24:55 UTC,1329,2,0
2017-04-11 22:30:11 UTC,1330,0,0
2017-04-11 22:30:39 UTC,1331,4,0
2017-04-11 22:33:43 UTC,1332,0,0
2017-04-11 22:34:35 UTC,1333,2,0
2017-04-11 22:40:08 UTC,1334,2,0
2017-04-11 23:01:47 UTC,1335,4,0
2017-04-11 23:08:48 UTC,1336,0,0
2017-04-11 23:13:08 UTC,1337,1,0
2017-04-11 23:27:10 UTC,1338,0,0
2017-04-11 23:32:23 UTC,1339,1,0
2017-04-11 23:41:49 UTC,1340,0,0
2017-04-11 23:42:43 UTC,1341,4,0
2017-04-11 23:46:33 UTC,1342,4,0
2017-04-11 23:49:36 UTC,1343,3,0
2017-04-11 23:54:10 UTC,1344,3,0
2017-04-11 23:58:37 UTC,1345,4,0
2017-04-11 23:59:03 UTC,1346,3,0
2017-04-12 00:07:44 UTC,1347,4,0
2017-04-12 00:08:00 UTC,1348,2,0
2017-04-12 00:11:17 UTC,1349,0,0
2017-04-12 00:13:08 UTC,1350,4,0
2017-04-12 00:18:53 UTC,1351,4,0
2017-04-12 00:21:03 UTC,1352,1,0
2017-04-12 00:21:19 UTC,1353,0,0
2017-04-12 00:30:56 UTC,1354,0,0
2017-04-12 00:41:47 UTC,1355,4,0
2017-04-12 00:43:17 UTC,1356,3,0
2017-04-12 00:49:37 UTC,1357,4,0
2017-04-12 00:52:26 UTC,1358,2,0
2017-04-12 00:57:17 UTC,1359,2,0
2017-04-12 00:57:39 UTC,1360,3,0
2017-04-12 01:16:09 UTC,1361,2,0
2017-04-12 01:23:35 UTC,1362,1,0
2017-04-12 01:35:09 UTC,1363,4,0
2017-04-12 01:48:24 UTC,1364,2,0
2017-04-12 01:55:02 UTC,1365,3,0
2017-04-12 02:20:05 UTC,1366,0,0
2017-04-12 02:20:25 UTC,1367,2,0
2017-04-12 02:56:28 UTC,1368,4,0
2017-04-12 03:53:40 UTC,1369,2,0
2017-04-12 03:53:56 UTC,1370,2,0
2017-04-12 08:24:37 UTC,1371,0,0
2017-04-12 11:05:30 UTC,1372,2,0
2017-04-12 11:43:25 UTC,1373,3,0
2017-04-12 11:46:25 UTC,1374,1,0
2017-04-12 11:50:26 UTC,1375,2,0
2017-04-12 12:07:07 UTC,1376,2,0
2017-04-12 12:27:05 UTC,1377,4,0
2017-04-12 12:35:42 UTC,1378,0,0
2017-04-12 12:38:50 UTC,1379,2,0
2017-04-12 12:44:31 UTC,1380,3,0
2017-04-12 12:44:47 UTC,1381,3,0
2017-04-12 12:55:58 UTC,1382,0,0
2017-04-12 12:57:15 UTC,1383,4,0
2017-04-12 13:00:00 UTC,1384,3,0
2017-04-12 13:06:36 UTC,1385,0,0
2017-04-12 13:09:18 UTC,1386,4,0
2017-04-12 13:15:48 UTC,1387,1,0
2017-04-12 13:17:32 UTC,1388,3,0
2017-04-12 13:22:12 UTC,1389,4,0
2017-04-12 13:32:08 UTC,1390,0,0
2017-04-12 13:45:24 UTC,1391,2,0
2017-04-12 13:48:58 UTC,1392,4,0
2017-04-12 14:03:03 UTC,1393,0,0
2017-04-12 14:04:34 UTC,1394,4,0
2017-04-12 14:20:40 UTC,1395,0,0
2017-04-12 14:21:43 UTC,1396,2,0
2017-04-12 14:27:20 UTC,1397,2,0
2017-04-12 14:32:11 UTC,1398,4,0
2017-04-12 14:37:48 UTC,1399,0,0
2017-04-12 14:48:09 UTC,1400,2,0
2017-04-12 15:00:32 UTC,1401,2,0
2017-04-12 15:13:32 UTC,1402,0,0
2017-04-12 15:20:00 UTC,1403,0,0
2017-04-12 15:24:38 UTC,1404,1,0
2017-04-12 15:31:26 UTC,1405,0,0
2017-04-12 15:32:28 UTC,1406,0,0
2017-04-12 15:33:56 UTC,1407,0,0
2017-04-12 15:35:22 UTC,1408,4,0
2017-04-12 15:43:24 UTC,1409,4,0
2017-04-12 15:44:11 UTC,1410,3,0
2017-04-12 15:47:11 UTC,1411,0,0
2017-04-12 15:48:03 UTC,1412,4,0
2017-04-12 15:50:12 UTC,1413,3,0
2017-04-12 15:51:08 UTC,1414,4,0
2017-04-12 15:56:27 UTC,1415,2,0
2017-04-12 15:57:52 UTC,1416,4,0
2017-04-12 15:58:10 UTC,1417,4,0
2017-04-12 16:06:33 UTC,1418,3,0
2017-04-12 16:07:04 UTC,1419,4,0
2017-04-12 16:07:34 UTC,1420,3,0
2017-04-12 16:11:36 UTC,1421,2,0
2017-04-12 16:22:47 UTC,1422,4,0
2017-04-12 16:31:54 UTC,1423,2,0
2017-04-12 16:32:24 UTC,1424,2,0
2017-04-12 16:32:45 UTC,1425,4,0
2017-04-12 16:33:09 UTC,1426,3,0
2017-04-12 16:34:54 UTC,1427,0,0
2017-04-12 16:35:15 UTC,1428,4,0
2017-04-12 16:36:14 UTC,1429,3,0
2017-04-12 16:43:18 UTC,1430,4,0
2017-04-12 16:46:25 UTC,1431,3,0
2017-04-12 16:48:39 UTC,1432,1,0
2017-04-12 16:49:42 UTC,1433,0,0
2017-04-12 16:53:15 UTC,1434,4,0
2017-04-12 16:54:58 UTC,1435,2,0
2017-04-12 16:59:53 UTC,1436,4,0
2017-04-12 17:05:10 UTC,1437,1,0
2017-04-12 17:06:18 UTC,1438,2,0
2017-04-12 17:22:46 UTC,1439,4,0
2017-04-12 17:23:39 UTC,1440,2,0
2017-04-12 17:25:29 UTC,1441,3,0
2017-04-12 17:27:09 UTC,1442,0,0
2017-04-12 17:28:46 UTC,1443,2,0
2017-04-12 17:30:14 UTC,1444,2,0
2017-04-12 17:34:26 UTC,1445,0,0
2017-04-12 17:35:31 UTC,1446,3,0
2017-04-12 17:39:01 UTC,1447,1,0
2017-04-12 17:39:54 UTC,1448,2,0
2017-04-12 17:41:12 UTC,1449,3,0
2017-04-12 17:44:39 UTC,1450,4,0
2017-04-12 17:46:36 UTC,1451,0,0
2017-04-12 17:50:20 UTC,1452,4,0
2017-04-12 17:53:51 UTC,1453,3,0
2017-04-12 17:55:53 UTC,1454,4,0
2017-04-12 17:58:33 UTC,1455,3,0
2017-04-12 18:00:52 UTC,1456,1,0
2017-04-12 18:01:09 UTC,1457,0,0
2017-04-12 18:03:39 UTC,1458,3,0
2017-04-12 18:14:45 UTC,1459,0,0
2017-04-12 18:15:47 UTC,1460,1,0
2017-04-12 18:21:13 UTC,1461,2,0
2017-04-12 18:31:24 UTC,1462,3,0
2017-04-12 18:40:29 UTC,1463,1,0
2017-04-12 18:45:58 UTC,1464,3,0
2017-04-12 18:46:23 UTC,1465,3,0
2017-04-12 18:49:48 UTC,1466,3,0
2017-04-12 18:50:16 UTC,1467,2,0
2017-04-12 18:53:09 UTC,1468,0,0
2017-04-12 18:53:30 UTC,1469,4,0
2017-04-12 18:53:49 UTC,1470,0,0
2017-04-12 18:54:50 UTC,1471,0,0
2017-04-12 18:58:23 UTC,1472,4,0
2017-04-12 18:59:56 UTC,1473,4,0
2017-04-12 19:00:54 UTC,1474,1,0
2017-04-12 19:06:52 UTC,1475,3,0
2017-04-12 19:08:36 UTC,1476,2,0
2017-04-12 19:10:21 UTC,1477,2,0
2017-04-12 19:19:03 UTC,1478,3,0
2017-04-12 19:20:25 UTC,1479,1,0
2017-04-12 19:20:46 UTC,1480,3,0
2017-04-12 19:21:29 UTC,1481,0,0
2017-04-12 19:23:59 UTC,1482,4,0
2017-04-12 19:25:20 UTC,1483,1,0
2017-04-12 19:26:07 UTC,1484,4,0
2017-04-12 19:31:32 UTC,1485,2,0
2017-04-12 19:31:55 UTC,1486,2,0
2017-04-12 19:33:54 UTC,1487,1,0
2017-04-12 19:34:10 UTC,1488,0,0
2017-04-12 19:40:24 UTC,1489,3,0
2017-04-12 19:45:56 UTC,1490,1,0
2017-04-12 19:51:03 UTC,1491,0,0
2017-04-12 19:57:33 UTC,1492,2,0
2017-04-12 20:02:38 UTC,1493,3,0
2017-04-12 20:04:45 UTC,1494,2,0
2017-04-12 20:05:06 UTC,1495,3,0
2017-04-12 20:10:44 UTC,1496,4,0
2017-04-12 20:11:09 UTC,1497,2,0
2017-04-12 20:12:39 UTC,1498,2,0
2017-04-12 20:13:47 UTC,1499,2,0
2017-04-12 20:15:05 UTC,1500,3,0
2017-04-12 20:17:40 UTC,1501,4,0
2017-04-12 20:32:48 UTC,1502,4,0
2017-04-12 20:33:44 UTC,1503,1,0
2017-04-12 20:38:17 UTC,1504,4,0
2017-04-12 20:38:35 UTC,1505,2,0
2017-04-12 20:40:27 UTC,1506,4,0
2017-04-12 20:41:57 UTC,1507,3,0
2017-04-12 20:46:17 UTC,1508,3,0
2017-04-12 20:48:55 UTC,1509,3,0
2017-04-12 20:51:25 UTC,1510,2,0
2017-04-12 20:53:52 UTC,1511,4,0
2017-04-12 20:54:15 UTC,1512,2,0
2017-04-12 20:55:04 UTC,1513,1,0
2017-04-12 20:56:31 UTC,1514,1,0
2017-04-12 20:58:34 UTC,1515,2,0
2017-04-12 21:04:55 UTC,1516,0,0
2017-04-12 21:17:58 UTC,1517,4,0
2017-04-12 21:22:11 UTC,1518,3,0
2017-04-12 21:22:33 UTC,1519,0,0
2017-04-12 21:23:57 UTC,1520,4,0
2017-04-12 21:24:54 UTC,1521,3,0
2017-04-12 21:35:23 UTC,1522,0,0
2017-04-12 21:46:33 UTC,1523,0,0
2017-04-12 21:46:49 UTC,1524,0,0
2017-04-12 21:56:32 UTC,1525,0,0
2017-04-12 21:57:15 UTC,1526,1,0
2017-04-12 21:59:52 UTC,1527,1,0
2017-04-12 22:03:50 UTC,1528,1,0
2017-04-12 22:10:38 UTC,1529,0,0
2017-04-12 22:11:59 UTC,1530,0,0
2017-04-12 22:21:58 UTC,1531,3,0
2017-04-12 22:23:35 UTC,1532,3,0
2017-04-12 22:29:07 UTC,1533,2,0
2017-04-12 22:33:12 UTC,1534,3,0
2017-04-12 22:39:44 UTC,1535,1,0
2017-04-12 22:40:36 UTC,1536,1,0
2017-04-12 22:47:34 UTC,1537,3,0
2017-04-12 23:05:16 UTC,1538,2,0
2017-04-12 23:14:06 UTC,1539,2,0
2017-04-12 23:15:04 UTC,1540,0,0
2017-04-12 23:15:59 UTC,1541,4,0
2017-04-12 23:20:48 UTC,1542,0,0
2017-04-12 23:25:25 UTC,1543,3,0
2017-04-12 23:31:58 UTC,1544,3,0
2017-04-12 23:32:23 UTC,1545,0,0
2017-04-12 23:34:42 UTC,1546,0,0
2017-04-12 23:39:50 UTC,1547,1,0
2017-04-12 23:41:21 UTC,1548,0,0
2017-04-12 23:41:57 UTC,1549,0,0
2017-04-12 23:44:51 UTC,1550,3,0
2017-04-12 23:45:11 UTC,1551,1,0
2017-04-12 23:45:42 UTC,1552,1,0
2017-04-12 23:51:10 UTC,1553,0,0
2017-04-12 23:58:15 UTC,1554,2,0
2017-04-13 00:02:31 UTC,1555,3,0
2017-04-13 00:06:18 UTC,1556,0,0
2017-04-13 00:20:40 UTC,1557,4,0
2017-04-13 00:26:40 UTC,1558,0,0
2017-04-13 00:39:31 UTC,1559,2,0
2017-04-13 00:42:56 UTC,1560,2,0
2017-04-13 00:43:23 UTC,1561,0,0
2017-04-13 00:47:52 UTC,1562,0,0
2017-04-13 00:52:47 UTC,1563,0,0
2017-04-13 00:55:43 UTC,1564,2,0
2017-04-13 01:00:32 UTC,1565,4,0
2017-04-13 01:07:13 UTC,1566,0,0
2017-04-13 01:16:47 UTC,1567,3,0
2017-04-13 01:21:25 UTC,1568,2,0
2017-04-13 01:31:25 UTC,1569,0,0
2017-04-13 01:34:25 UTC,1570,4,0
2017-04-13 01:34:41 UTC,1571,4,0
2017-04-13 01:35:53 UTC,1572,3,0
2017-04-13 01:39:45 UTC,1573,2,0
2017-04-13 01:46:46 UTC,1574,0,0
2017-04-13 02:04:13 UTC,1575,2,0
2017-04-13 02:10:46 UTC,1576,0,0
2017-04-13 02:19:47 UTC,1577,4,0
2017-04-13 02:42:19 UTC,1578,2,0
2017-04-13 02:43:24 UTC,1579,0,0
2017-04-13 02:53:14 UTC,1580,3,0
2017-04-13 02:58:42 UTC,1581,2,0
2017-04-13 03:09:32 UTC,1582,4,0
2017-04-13 03:35:19 UTC,1583,0,0
2017-04-13 03:35:39 UTC,1584,3,0
2017-04-13 11:45:41 UTC,1585,1,0
2017-04-13 11:47:53 UTC,1586,3,0
2017-04-13 13:00:10 UTC,1587,3,0
2017-04-13 13:17:16 UTC,1588,0,0
2017-04-13 13:30:11 UTC,1589,4,0
2017-04-13 13:49:13 UTC,1590,3,0
2017-04-13 14:06:45 UTC,1591,3,0
2017-04-13 14:07:06 UTC,1592,3,0
2017-04-13 14:13:53 UTC,1593,3,0
2017-04-13 14:16:45 UTC,1594,0,0
2017-04-13 14:17:11 UTC,1595,2,0
2017-04-13 14:17:35 UTC,1596,0,0
2017-04-13 14:19:39 UTC,1597,4,0
2017-04-13 14:24:42 UTC,1598,4,0
2017-04-13 14:37:56 UTC,1599,4,0
2017-04-13 14:46:32 UTC,1600,1,0
2017-04-13 14:49:41 UTC,1601,1,0
2017-04-13 14:58:15 UTC,1602,4,0
2017-04-13 14:58:33 UTC,1603,0,0
2017-04-13 15:04:24 UTC,1604,3,0
2017-04-13 15:09:23 UTC,1605,4,0
2017-04-13 15:28:24 UTC,1606,0,0
2017-04-13 15:51:41 UTC,1607,2,0
2017-04-13 15:54:06 UTC,1608,4,0
2017-04-13 16:13:59 UTC,1609,2,0
2017-04-13 16:20:38 UTC,1610,2,0
2017-04-13 16:23:54 UTC,1611,4,0
2017-04-13 16:25:12 UTC,1612,0,0
2017-04-13 16:35:06 UTC,1613,4,0
2017-04-13 16:37:15 UTC,1614,0,0
2017-04-13 16:38:11 UTC,1615,4,0
2017-04-13 16:44:26 UTC,1616,4,0
2017-04-13 16:50:26 UTC,1617,3,0
2017-04-13 17:12:19 UTC,1618,4,0
2017-04-13 17:14:36 UTC,1619,4,0
2017-04-13 17:16:48 UTC,1620,2,0
2017-04-13 17:18:41 UTC,1621,4,0
2017-04-13 17:21:57 UTC,1622,1,0
2017-04-13 17:24:53 UTC,1623,4,0
2017-04-13 17:29:28 UTC,1624,0,0
2017-04-13 17:30:18 UTC,1625,3,0
2017-04-13 17:30:40 UTC,1626,4,0
2017-04-13 17:52:10 UTC,1627,2,0
2017-04-13 17:54:05 UTC,1628,2,0
2017-04-13 18:00:04 UTC,1629,2,0
2017-04-13 18:00:46 UTC,1630,4,0
2017-04-13 18:01:46 UTC,1631,2,0
2017-04-13 18:02:06 UTC,1632,2,0
2017-04-13 18:17:54 UTC,1633,4,0
2017-04-13 18:19:01 UTC,1634,4,0
2017-04-13 18:28:30 UTC,1635,1,0
2017-04-13 18:30:36 UTC,1636,3,0
2017-04-13 18:33:35 UTC,1637,3,0
2017-04-13 18:35:05 UTC,1638,3,0
2017-04-13 18:41:36 UTC,1639,4,0
2017-04-13 18:52:00 UTC,1640,3,0
2017-04-13 18:58:55 UTC,1641,4,0
2017-04-13 19:22:35 UTC,1642,2,0
2017-04-13 19:29:05 UTC,1643,0,0
2017-04-13 19:47:27 UTC,1644,4,0
2017-04-13 20:12:21 UTC,1645,4,0
2017-04-13 20:12:57 UTC,1646,2,0
2017-04-13 20:18:21 UTC,1647,4,0
2017-04-13 20:22:38 UTC,1648,3,0
2017-04-13 20:39:44 UTC,1649,2,0
2017-04-13 21:50:14 UTC,1650,0,0
2017-04-13 21:53:45 UTC,1651,3,0
2017-04-13 22:05:45 UTC,1652,4,0
2017-04-13 22:19:11 UTC,1653,4,0
2017-04-13 22:29:16 UTC,1654,3,0
2017-04-13 22:37:31 UTC,1655,4,0
2017-04-13 23:45:26 UTC,1656,3,0
2017-04-13 23:50:06 UTC,1657,0,0
2017-04-13 23:50:23 UTC,1658,0,0
2017-04-13 23:50:41 UTC,1659,0,0
2017-04-13 23:51:05 UTC,1660,2,0
2017-04-13 23:51:22 UTC,1661,0,0
2017-04-13 23:53:01 UTC,1662,1,0
2017-04-14 00:06:22 UTC,1663,4,0
2017-04-14 00:38:11 UTC,1664,1,0
2017-04-14 00:39:16 UTC,1665,2,0
2017-04-14 00:55:03 UTC,1666,4,0
2017-04-14 01:51:52 UTC,1667,0,0
2017-04-14 13:03:55 UTC,1668,3,0
2017-04-14 13:42:12 UTC,1669,3,0
2017-04-14 13:53:27 UTC,1670,2,0
2017-04-14 14:15:42 UTC,1671,2,0
2017-04-14 14:18:48 UTC,1672,2,0
2017-04-14 14:19:05 UTC,1673,4,0
2017-04-14 14:25:24 UTC,1674,3,0
2017-04-14 14:59:00 UTC,1675,0,0
2017-04-14 15:40:29 UTC,1676,4,0
2017-04-14 15:41:01 UTC,1677,1,0
2017-04-14 15:41:18 UTC,1678,3,0
2017-04-14 15:44:51 UTC,1679,3,0
2017-04-14 15:48:32 UTC,1680,2,0
2017-04-14 15:49:17 UTC,1681,2,0
2017-04-14 15:50:07 UTC,1682,3,0
2017-04-14 16:01:29 UTC,1683,2,0
2017-04-14 16:03:43 UTC,1684,3,0
2017-04-14 16:07:07 UTC,1685,0,0
2017-04-14 16:07:36 UTC,1686,4,0
2017-04-14 16:21:22 UTC,1687,1,0
2017-04-14 16:53:42 UTC,1688,4,0
2017-04-14 16:54:00 UTC,1689,3,0
2017-04-14 17:06:32 UTC,1690,3,0
2017-04-14 17:19:36 UTC,1691,3,0
2017-04-14 17:35:43 UTC,1692,4,0
2017-04-14 17:36:15 UTC,1693,2,0
2017-04-14 17:36:59 UTC,1694,2,0
2017-04-14 17:37:14 UTC,1695,0,0
2017-04-14 17:54:06 UTC,1696,4,0
2017-04-14 17:55:50 UTC,1697,4,0
2017-04-14 18:09:50 UTC,1698,2,0
2017-04-14 18:12:58 UTC,1699,2,0
2017-04-14 18:21:44 UTC,1700,0,0
2017-04-14 18:22:01 UTC,1701,4,0
2017-04-14 18:26:52 UTC,1702,4,0
2017-04-14 18:28:07 UTC,1703,0,0
2017-04-14 18:29:24 UTC,1704,2,0
2017-04-14 18:34:29 UTC,1705,1,0
2017-04-14 18:34:48 UTC,1706,3,0
2017-04-14 18:39:43 UTC,1707,4,0
2017-04-14 18:41:31 UTC,1708,4,0
2017-04-14 18:49:15 UTC,1709,4,0
2017-04-14 18:50:10 UTC,1710,1,0
2017-04-14 18:51:26 UTC,1711,4,0
2017-04-14 18:51:49 UTC,1712,4,0
2017-04-14 19:00:09 UTC,1713,0,0
2017-04-14 19:04:23 UTC,1714,0,0
2017-04-14 19:11:25 UTC,1715,3,0
2017-04-14 19:12:15 UTC,1716,0,0
2017-04-14 19:12:49 UTC,1717,2,0
2017-04-14 19:14:29 UTC,1718,3,0
2017-04-14 19:15:16 UTC,1719,4,0
2017-04-14 19:32:02 UTC,1720,4,0
2017-04-14 19:32:22 UTC,1721,0,0
2017-04-14 19:37:03 UTC,1722,1,0
2017-04-14 19:45:01 UTC,1723,3,0
2017-04-14 19:45:17 UTC,1724,3,0
2017-04-14 19:46:55 UTC,1725,2,0
2017-04-14 19:48:32 UTC,1726,2,0
2017-04-14 19:57:59 UTC,1727,1,0
2017-04-14 20:00:23 UTC,1728,1,0
2017-04-14 20:00:39 UTC,1729,2,0
2017-04-14 20:05:51 UTC,1730,3,0
2017-04-14 20:17:37 UTC,1731,0,0
2017-04-14 20:28:10 UTC,1732,0,0
2017-04-14 21:13:29 UTC,1733,0,0
2017-04-14 21:23:58 UTC,1734,3,0
2017-04-14 21:30:40 UTC,1735,4,0
2017-04-14 21:31:13 UTC,1736,3,0
2017-04-14 21:31:57 UTC,1737,0,0
2017-04-14 21:33:35 UTC,1738,3,0
2017-04-14 22:00:30 UTC,1739,3,0
2017-04-14 22:04:12 UTC,1740,3,0
2017-04-14 22:10:37 UTC,1741,1,0
2017-04-14 22:36:50 UTC,1742,4,0
2017-04-14 22:46:43 UTC,1743,3,0
2017-04-14 22:50:29 UTC,1744,1,0
2017-04-14 22:50:57 UTC,1745,4,0
2017-04-14 22:51:45 UTC,1746,3,0
2017-04-14 23:21:57 UTC,1747,3,0
2017-04-14 23:27:38 UTC,1748,3,0
2017-04-15 00:01:29 UTC,1749,2,0
2017-04-15 00:07:01 UTC,1750,4,0
2017-04-15 00:09:22 UTC,1751,4,0
2017-04-15 00:09:42 UTC,1752,1,0
2017-04-15 00:11:56 UTC,1753,4,0
2017-04-15 00:49:19 UTC,1754,3,0
2017-04-15 01:11:32 UTC,1755,0,0
2017-04-15 01:11:49 UTC,1756,1,0
2017-04-15 01:26:24 UTC,1757,4,0
2017-04-15 02:39:53 UTC,1758,0,0
2017-04-15 11:36:19 UTC,1759,1,0
2017-04-15 12:43:30 UTC,1760,2,0
2017-04-15 14:21:01 UTC,1761,2,0
2017-04-15 14:26:13 UTC,1762,4,0
2017-04-15 14:45:39 UTC,1763,2,0
2017-04-15 15:00:42 UTC,1764,2,0
2017-04-15 15:26:45 UTC,1765,4,0
2017-04-15 15:45:32 UTC,1766,4,0
2017-04-15 16:08:11 UTC,1767,4,0
2017-04-15 16:14:21 UTC,1768,3,0
2017-04-15 16:39:27 UTC,1769,4,0
2017-04-15 16:48:37 UTC,1770,1,0
2017-04-15 16:50:26 UTC,1771,2,0
2017-04-15 17:00:42 UTC,1772,0,0
2017-04-15 17:22:55 UTC,1773,4,0
2017-04-15 18:04:35 UTC,1774,1,0
2017-04-15 18:16:58 UTC,1775,1,0
2017-04-15 19:23:32 UTC,1776,4,0
2017-04-15 19:27:05 UTC,1777,0,0
2017-04-15 19:44:48 UTC,1778,2,0
2017-04-15 19:59:34 UTC,1779,3,0
2017-04-15 20:02:24 UTC,1780,4,0
2017-04-15 20:04:03 UTC,1781,4,0
2017-04-15 20:04:25 UTC,1782,4,0
2017-04-15 20:28:21 UTC,1783,4,0
2017-04-15 20:33:35 UTC,1784,3,0
2017-04-15 20:34:13 UTC,1785,4,0
2017-04-15 20:39:39 UTC,1786,3,0
2017-04-15 20:55:36 UTC,1787,3,0
2017-04-15 21:09:22 UTC,1788,0,0
2017-04-15 21:40:40 UTC,1789,2,0
2017-04-15 22:17:15 UTC,1790,3,0
2017-04-15 22:31:27 UTC,1791,3,0
2017-04-15 22:45:15 UTC,1792,2,0
2017-04-15 23:04:33 UTC,1793,3,0
2017-04-15 23:05:41 UTC,1794,0,0
2017-04-15 23:38:26 UTC,1795,2,0
2017-04-15 23:45:02 UTC,1796,4,0
2017-04-16 00:21:44 UTC,1797,2,0
2017-04-16 00:27:49 UTC,1798,1,0
2017-04-16 00:32:42 UTC,1799,4,0
2017-04-16 00:33:06 UTC,1800,4,0
2017-04-16 00:33:41 UTC,1801,4,0
2017-04-16 00:56:47 UTC,1802,4,0
2017-04-16 00:57:07 UTC,1803,4,0
2017-04-16 03:46:39 UTC,1804,4,0
2017-04-16 15:29:41 UTC,1805,0,0
2017-04-16 15:30:00 UTC,1806,0,0
2017-04-16 15:41:55 UTC,1807,2,0
2017-04-16 15:42:13 UTC,1808,4,0
2017-04-16 16:09:18 UTC,1809,0,0
2017-04-16 16:09:34 UTC,1810,3,0
2017-04-16 18:13:19 UTC,1811,3,0
2017-04-16 18:20:50 UTC,1812,4,0
2017-04-16 18:28:37 UTC,1813,0,0
2017-04-16 19:03:22 UTC,1814,2,0
2017-04-16 20:05:31 UTC,1815,3,0
2017-04-16 21:26:50 UTC,1816,2,0
2017-04-16 21:59:08 UTC,1817,2,0
2017-04-16 22:07:19 UTC,1818,3,0
2017-04-16 22:11:34 UTC,1819,3,0
2017-04-16 22:34:50 UTC,1820,4,0
2017-04-16 23:12:11 UTC,1821,1,0
2017-04-17 02:20:57 UTC,1822,2,0
2017-04-17 02:44:45 UTC,1823,2,0
2017-04-17 02:45:04 UTC,1824,2,0
2017-04-17 11:55:10 UTC,1825,2,0
2017-04-17 12:32:22 UTC,1826,4,0
2017-04-17 12:32:39 UTC,1827,4,0
2017-04-17 13:11:39 UTC,1828,3,0
2017-04-17 13:29:30 UTC,1829,2,0
2017-04-17 13:58:21 UTC,1830,2,0
2017-04-17 14:07:23 UTC,1831,4,0
2017-04-17 14:13:39 UTC,1832,0,0
2017-04-17 14:14:00 UTC,1833,0,0
2017-04-17 14:15:36 UTC,1834,0,0
2017-04-17 14:22:36 UTC,1835,3,0
2017-04-17 14:23:40 UTC,1836,3,0
2017-04-17 14:34:54 UTC,1837,3,0
2017-04-17 14:37:33 UTC,1838,2,0
2017-04-17 14:39:52 UTC,1839,4,0
2017-04-17 14:40:59 UTC,1840,1,0
2017-04-17 14:42:27 UTC,1841,4,0
2017-04-17 14:44:21 UTC,1842,1,0
2017-04-17 14:55:51 UTC,1843,2,0
2017-04-17 15:15:54 UTC,1844,1,0
2017-04-17 15:25:42 UTC,1845,3,0
2017-04-17 15:34:35 UTC,1846,4,0
2017-04-17 15:45:01 UTC,1847,1,0
2017-04-17 15:46:54 UTC,1848,3,0
2017-04-17 15:48:54 UTC,1849,4,0
2017-04-17 15:49:29 UTC,1850,3,0
2017-04-17 15:54:38 UTC,1851,2,0
2017-04-17 16:01:25 UTC,1852,4,0
2017-04-17 16:03:38 UTC,1853,2,0
2017-04-17 16:15:58 UTC,1854,3,0
2017-04-17 16:17:25 UTC,1855,2,0
2017-04-17 16:18:13 UTC,1856,4,0
2017-04-17 16:18:37 UTC,1857,4,0
2017-04-17 16:29:08 UTC,1858,4,0
2017-04-17 16:29:52 UTC,1859,3,0
2017-04-17 16:30:33 UTC,1860,1,0
2017-04-17 16:34:57 UTC,1861,3,0
2017-04-17 16:36:54 UTC,1862,1,0
2017-04-17 16:40:54 UTC,1863,2,0
2017-04-17 16:49:19 UTC,1864,2,0
2017-04-17 17:01:08 UTC,1865,1,0
2017-04-17 17:15:38 UTC,1866,2,0
2017-04-17 17:30:44 UTC,1867,3,0
2017-04-17 17:52:18 UTC,1868,3,0
2017-04-17 18:03:10 UTC,1869,3,0
2017-04-17 18:22:57 UTC,1870,2,0
2017-04-17 18:32:11 UTC,1871,2,0
2017-04-17 18:36:38 UTC,1872,4,0
2017-04-17 18:37:59 UTC,1873,3,0
2017-04-17 18:49:03 UTC,1874,2,0
2017-04-17 18:49:56 UTC,1875,3,0
2017-04-17 18:50:48 UTC,1876,0,0
2017-04-17 18:53:59 UTC,1877,2,0
2017-04-17 19:01:28 UTC,1878,2,0
2017-04-17 19:01:48 UTC,1879,1,0
2017-04-17 19:04:14 UTC,1880,4,0
2017-04-17 19:04:43 UTC,1881,4,0
2017-04-17 19:05:00 UTC,1882,4,0
2017-04-17 19:10:44 UTC,1883,4,0
2017-04-17 19:14:30 UTC,1884,2,0
2017-04-17 19:38:46 UTC,1885,1,0
2017-04-17 19:46:07 UTC,1886,2,0
2017-04-17 19:53:25 UTC,1887,1,0
2017-04-17 19:54:53 UTC,1888,2,0
2017-04-17 20:20:34 UTC,1889,1,0
2017-04-17 20:24:55 UTC,1890,1,0
2017-04-17 20:25:14 UTC,1891,3,0
2017-04-17 20:36:26 UTC,1892,2,0
2017-04-17 20:50:45 UTC,1893,4,0
2017-04-17 21:06:29 UTC,1894,4,0
2017-04-17 21:08:27 UTC,1895,3,0
2017-04-17 21:15:45 UTC,1896,4,0
2017-04-17 21:35:52 UTC,1897,0,0
2017-04-17 21:36:15 UTC,1898,2,0
2017-04-17 21:43:30 UTC,1899,2,0
2017-04-17 21:44:00 UTC,1900,4,0
2017-04-17 21:53:22 UTC,1901,1,0
2017-04-17 22:26:24 UTC,1902,0,0
2017-04-17 22:30:41 UTC,1903,2,0
2017-04-17 22:31:29 UTC,1904,3,0
2017-04-17 22:45:36 UTC,1905,2,0
2017-04-17 22:51:19 UTC,1906,0,0
2017-04-17 23:09:29 UTC,1907,3,0
2017-04-17 23:46:51 UTC,1908,1,0
2017-04-17 23:47:15 UTC,1909,1,0
2017-04-18 00:02:53 UTC,1910,3,0
2017-04-18 12:26:28 UTC,1911,3,0
2017-04-18 12:44:33 UTC,1912,2,0
2017-04-18 12:57:59 UTC,1913,1,0
2017-04-18 12:59:05 UTC,1914,4,0
2017-04-18 13:02:13 UTC,1915,4,0
2017-04-18 13:10:48 UTC,1916,2,0
2017-04-18 13:16:53 UTC,1917,3,0
2017-04-18 13:49:30 UTC,1918,0,0
2017-04-18 13:55:48 UTC,1919,4,0
2017-04-18 13:58:24 UTC,1920,2,0
2017-04-18 14:28:28 UTC,1921,2,0
2017-04-18 14:38:14 UTC,1922,2,0
2017-04-18 14:40:17 UTC,1923,3,0
2017-04-18 14:43:39 UTC,1924,4,0
2017-04-18 14:47:14 UTC,1925,1,0
2017-04-18 14:58:15 UTC,1926,0,0
2017-04-18 15:03:59 UTC,1927,2,0
2017-04-18 15:05:35 UTC,1928,3,0
2017-04-18 15:15:43 UTC,1929,3,0
2017-04-18 15:16:02 UTC,1930,0,0
2017-04-18 15:17:06 UTC,1931,0,0
2017-04-18 15:38:01 UTC,1932,3,0
2017-04-18 15:39:02 UTC,1933,3,0
2017-04-18 15:39:47 UTC,1934,3,0
2017-04-18 15:58:22 UTC,1935,4,0
2017-04-18 16:09:44 UTC,1936,2,0
2017-04-18 16:12:56 UTC,1937,0,0
2017-04-18 16:16:53 UTC,1938,3,0
2017-04-18 16:19:29 UTC,1939,0,0
2017-04-18 16:22:10 UTC,1940,0,0
2017-04-18 16:22:26 UTC,1941,0,0
2017-04-18 16:24:26 UTC,1942,2,0
2017-04-18 16:31:44 UTC,1943,1,0
2017-04-18 16:40:55 UTC,1944,2,0
2017-04-18 16:45:51 UTC,1945,4,0
2017-04-18 16:46:43 UTC,1946,4,0
2017-04-18 16:51:23 UTC,1947,1,0
2017-04-18 16:54:11 UTC,1948,4,0
2017-04-18 16:57:45 UTC,1949,4,0
2017-04-18 17:12:49 UTC,1950,4,0
2017-04-18 17:14:54 UTC,1951,0,0
2017-04-18 17:30:01 UTC,1952,4,0
2017-04-18 17:41:03 UTC,1953,1,0
2017-04-18 17:53:19 UTC,1954,2,0
2017-04-18 18:01:12 UTC,1955,4,0
2017-04-18 18:06:25 UTC,1956,2,0
2017-04-18 18:11:33 UTC,1957,3,0
2017-04-18 18:17:21 UTC,1958,0,0
2017-04-18 18:23:16 UTC,1959,2,0
2017-04-18 19:02:51 UTC,1960,1,0
2017-04-18 19:17:05 UTC,1961,2,0
2017-04-18 19:28:05 UTC,1962,3,0
2017-04-18 19:59:53 UTC,1963,2,0
2017-04-18 20:05:45 UTC,1964,3,0
2017-04-18 20:08:07 UTC,1965,3,0
2017-04-18 20:33:35 UTC,1966,2,0
2017-04-18 20:39:53 UTC,1967,1,0
2017-04-18 20:42:33 UTC,1968,1,0
2017-04-18 20:45:26 UTC,1969,2,0
2017-04-18 20:49:17 UTC,1970,4,0
2017-04-18 20:50:33 UTC,1971,3,0
2017-04-18 20:57:54 UTC,1972,0,0
2017-04-18 21:01:03 UTC,1973,0,0
2017-04-18 21:22:19 UTC,1974,4,0
2017-04-18 21:22:35 UTC,1975,0,0
2017-04-18 21:22:51 UTC,1976,4,0
2017-04-18 21:23:15 UTC,1977,2,0
2017-04-18 21:26:22 UTC,1978,4,0
2017-04-18 21:41:43 UTC,1979,3,0
2017-04-18 22:01:35 UTC,1980,3,0
2017-04-18 22:04:58 UTC,1981,3,0
2017-04-18 22:07:18 UTC,1982,0,0
2017-04-18 22:07:48 UTC,1983,2,0
2017-04-18 22:16:13 UTC,1984,0,0
2017-04-18 22:54:40 UTC,1985,2,0
2017-04-18 23:00:24 UTC,1986,3,0
2017-04-18 23:27:10 UTC,1987,0,0
2017-04-18 23:40:02 UTC,1988,0,0
2017-04-18 23:46:40 UTC,1989,4,0
2017-04-18 23:58:11 UTC,1990,3,0
2017-04-19 00:03:15 UTC,1991,2,0
2017-04-19 00:06:42 UTC,1992,1,0
2017-04-19 00:07:17 UTC,1993,3,0
2017-04-19 00:29:12 UTC,1994,3,0
